unit,unit_shorthand,unit_full_title,origin,cost,search_name
onimaru_kunitsuna-6,Onimaru Kunitsuna 6★,Onimaru Kunitsuna,Ranking Point Exchange,68,Onimaru Kunitsuna 6
onimaru_kunitsuna-ua,Onimaru Kunitsuna UA,Dreamblade Onimaru Kunitsuna,Ranking Point Exchange,68,Onimaru Kunitsuna UA
gram-6,Gram 6★,Gram,Ranking Point Exchange,68,Gram 6
gram-ua,Gram UA,Locked Magic Sword Gram,Ranking Point Exchange,68,Gram UA
longinus-6,Longinus 6★,Longinus,Ranking Point Exchange,68,Longinus 6
longinus-ua,Longinus UA,Sacred Crimson Spear Longinus,Ranking Point Exchange,68,Longinus UA
thyrsos-6,Thyrsos 6★,Thyrsos,Ranking Point Exchange,68,Thyrsos 6
thyrsos-ua,Thyrsos UA,Miraculous Staff Thyrsos,Ranking Point Exchange,68,Thyrsos UA
aegis-6,Aegis 6★,Aegis,Ranking Point Exchange,68,Aegis 6
aegis-ua,Aegis UA,Extraordinary Warshield Aegis,Ranking Point Exchange,68,Aegis UA
mistilteinn-6,Mistilteinn 6★,ミストルテイン,Ranking Point Exchange,68,Mistilteinn 6
mistilteinn-ua,Mistilteinn UA,宿静の覚弓ミストルテイン,Ranking Point Exchange,68,Mistilteinn UA
bonanza-ua-accel,Bonanza UA Accelerator,Anger Accelerator,Avaricia Tower F15,68,Bonanza UA Accelerator
bonanza-ua,Bonanza UA,True Queen of Avaricia Bonanza,Avaricia Tower F15,68,Bonanza UA
rose-ua-accel,Rose UA Accelerator,Rapture Accelerator,Elfram Tower F15,68,Rose UA Accelerator
rose-ua,Rose UA,True Queen of Elfram Rose,Elfram Tower F15,68,Rose UA
sophia-ua-accel,Sophia UA Accelerator,Delight Accelerator,Chandille Tower F15,68,Sophia UA Accelerator
sophia-ua,Sophia UA,True Queen of Chandille Sophia,Chandille Tower F15,68,Sophia UA
elly-ua-accel,Elly UA Accelerator,Sorrow Accelerator,Lucial Tower F15,68,Elly UA Accelerator
elly-ua,Elly UA,True Queen of Lucial Elly,Lucial Tower F15,68,Elly UA
azathoth-5,Azathoth 5★,The Egg of Azathoth,Azathoth Rebirth,68,Azathoth 5
azathoth-red,Red Azathoth 6★,Crimson-Winged Mech Azathoth,Azathoth Rebirth,68,Red Azathoth 6
azathoth-green,Green Azathoth 6★,Viridian-Winged God Azathoth,Azathoth Rebirth,68,Green Azathoth 6
azathoth-blue,Blue Azathoth 6★,Azure-Winged Demon Azathoth,Azathoth Rebirth,68,Blue Azathoth 6
azathoth-yellow,Yellow Azathoth 6★,Light-Winged Dragon Azathoth,Azathoth Rebirth,68,Yellow Azathoth 6
lee-do-6,Lee-Do 6★,Lee-Do,Dragon Point Exchange,68,Lee-Do 6
lee-do-ua,Lee-Do UA,Heavenly Dragon Lee-Do,Dragon Point Exchange,68,Lee-Do UA
donghai_longwang-5,Donghai Longwang 5★,Donghai Longwang,Ocean of Dark Flames,68,Donghai Longwang 5
donghai_longwang-6,Donghai Longwang 6★,Obliterating Donghai Longwang,Ocean of Dark Flames,68,Donghai Longwang 6
donghai_longwang-ua,Donghai Longwang UA,Conquering Donghai Longwang,Ocean of Dark Flames,68,Donghai Longwang UA
almagest-2,Almagest 2★,Primordial Embryo Almagest,Stardust Exchange,68,Almagest 2
almagest-3,Almagest 3★,Pronuclear Embryo Almagest,Stardust Exchange,68,Almagest 3
almagest-4,Almagest 4★,Fetal Age Almagest,Stardust Exchange,68,Almagest 4
almagest-5,Almagest 5★,Self-Conscious Almagest,Stardust Exchange,68,Almagest 5
almagest-6,Almagest 6★,Final Protection Almagest,Stardust Exchange,68,Almagest 6
almagest-ua,Almagest UA,End of Evolution Almagest,Stardust Exchange,68,Almagest UA
mutated_taowu-5,Mutated Taowu 5★,Enchanted Seal・Yellow,Tower of Four Perils F16,68,Mutated Taowu 5
mutated_taowu-6,Mutated Taowu 6★,Monstrous Crime Sermons Taowu,Tower of Four Perils F16,68,Mutated Taowu 6
abomination-5,Abomination 5★,アボミネーション,Abomination Manifests!,68,Abomination 5
abomination-6,Abomination 6★,災害類I型 アボミネーション,Abomination Manifests!,68,Abomination 6
erosion-5,Erosion 5★,イロウジョン,Erosion Manifests!,68,Erosion 5
erosion-6,Erosion 6★,災害類II型 イロウジョン,Erosion Manifests!,68,Erosion 6
distortion-5,Distortion 5★,ディストーション,Distortion Manifests!,68,Distortion 5
distortion-6,Distortion 6★,災害類III型 ディストーション,Distortion Manifests!,68,Distortion 6
fraud-5,Fraud 5★,フロード,Fraud Manifests!,68,Fraud 5
fraud-6,Fraud 6★,災害類IV型 フロード,Fraud Manifests!,68,Fraud 6
despair-5,Despair 5★,ディスペァ,Despair Manifests!,68,Despair 5
despair-6,Despair 6★,災害類V型 ディスペァ,Despair Manifests!,68,Despair 6
falter-5,Falter/Fault 5★,フォルタ,Falter Manifests!,68,Falter 5
falter-6,Falter/Fault 6★,災害類VI型 フォルタ,Falter Manifests!,68,Falter 6
jupiter-ua-slave_core,Jupiter UA Slave Core,緑のスレイヴコア,True Creeping Threat,68,Jupiter UA Slave Core
jupiter-ua,Jupiter UA,陛下護る黙征 ジュピター,True Creeping Threat,68,Jupiter UA
dormouse_cl-5,Dormouse CL 5★,予選ターゲットD<CL>,Preliminary Target D <CL>,63,Dormouse CL 5
dormouse_cl-6,Dormouse CL 6★,変新醒 眠りネズミ<CL>,Preliminary Target D <CL>,63,Dormouse CL 6
rosen-5,Rosen 5★,ローゼン,Apostle of Despair,63,Rosen 5
rosen-6,Rosen 6★,世棄の時逆者 ローゼン,Apostle of Despair,63,Rosen 6
shiva_cmr-tn-5,Shiva CMR-TN 5★,シヴァCMR-TN,Barrage of Love and Destruction,63,Shiva CMR-TN 5
shiva_cmr-tn-6,Shiva CMR-TN 6★,滅射異形神 シヴァCMR-TN,Barrage of Love and Destruction,63,Shiva CMR-TN 6
lord_jerry-5,Lord Jerry 5★,ジェリ神様,I'm God Jerry,63,Lord Jerry 5
lord_jerry-6,Lord Jerry 6★,驚慶の偉子 ジェリ神様,I'm God Jerry,63,Lord Jerry 6
onsen_yomi-5,Onsen Yomi 5★,戦身磨く泡鬼神 ヨミ,Detective Ranpo's Case File -3rd Act-,63,Onsen Yomi 5
onsen_yomi-6,Onsen Yomi 6★,不埒斬る焚怒鬼神 ヨミ,Detective Ranpo's Case File -3rd Act-,63,Onsen Yomi 6
blossom_rap_hokusai-5,Blossom Rap Hokusai 5★,参争の韻影画 北斎,Ink-Dyed UKIYO-E Master,63,Blossom Rap Hokusai 5
blossom_rap_hokusai-6,Blossom Rap Hokusai 6★,色声参争の韻栄画 北斎,Ink-Dyed UKIYO-E Master,63,Blossom Rap Hokusai 6
dm_hou_yi_chang_e-5,Dark Moon Hou Yi & Chang'e 5★,Proof of Hero,A Hero's Value,63,Dark Moon Hou Yi & Chang'e 5
dm_hou_yi_chang_e-6,Dark Moon Hou Yi & Chang'e 6★,Guanghan Hou Yi & Chang'e,A Hero's Value,63,Dark Moon Hou Yi & Chang'e 6
xing_tian-6,Xing Tian 6★,未竟巨臣 刑天,History Fragment Exchange,63,Xing Tian 6
xing_tian-ua,Xing Tian UA,忠絕巨臣 刑天,History Fragment Exchange,58,Xing Tian UA
moriarty-5,Moriarty 5★,Moriarty,Moriarty Invades!,58,Moriarty 5
moriarty-6,Moriarty 6★,Perfect Criminal Moriarty,Moriarty Invades!,58,Moriarty 6
cont_oz-5,Continuation Oz 5★,幻創大魔峰 オズ,Oz Invades Again!,58,Continuation Oz 5
cont_oz-6,Continuation Oz 6★,終奪魔殲法 オズ,Oz Invades Again!,58,Continuation Oz 6
oi-5,Oi 5★,応為,Oi Invades!,58,Oi 5
oi-6,Oi 6★,浮世筆刻の背襲者 応為,Oi Invades!,58,Oi 6
gogh-5,Gogh 5★,ゴッホ,Gogh Invades!,58,Gogh 5
gogh-6,Gogh 6★,陰日向の幻画家 ゴッホ,Gogh Invades!,58,Gogh 6
taowu-5,Taowu 5★,Taowu,The Nightmare of Awakening,58,Taowu 5
taowu-6,Taowu 6★,Precarious Tutelage Taowu,The Nightmare of Awakening,58,Taowu 6
yao-5,Yao 5★,Yao,The Prestige of China HQ,58,Yao 5
yao-6,Yao 6★,Wise Emperor Yao,The Prestige of China HQ,58,Yao 6
pu_songling-5,Pu Songling 5★,Pu Songling,Terror Reincarnated,58,Pu Songling 5
pu_songling-6,Pu Songling 6★,Strange Creator Pu Songling,Terror Reincarnated,58,Pu Songling 6
wild_wolf-5,Wild Wolf 5★,Wild Wolf,The Wolf of the Stars,58,Wild Wolf 5
wild_wolf-6,Wild Wolf 6★,Sorrowful Warrior Wild Wolf,The Wolf of the Stars,58,Wild Wolf 6
baihuaxiu-5,Baihuaxiu 5★,Baihuaxiu,Taintless Love,58,Baihuaxiu 5
baihuaxiu-6,Baihuaxiu 6★,Lost Memories Baihuaxiu,Taintless Love,58,Baihuaxiu 6
ubbo-sathla-5,Ubbo-Sathla 5★,Ubbo-Sathla,Calamity Omen,58,Ubbo-Sathla 5
ubbo-sathla-6,Ubbo-Sathla 6★,Calamity Bringer Ubbo-Sathla,Calamity Omen,58,Ubbo-Sathla 6
cthulhu-5,Cthulhu 5★,Cthulhu,Chaotic Supremacy,58,Cthulhu 5
cthulhu-6,Cthulhu 6★,Abyssal Origin Cthulhu,Chaotic Supremacy,58,Cthulhu 6
sagittarius-5,Sagittarius 5★,Eternal Curse Sagittarius,Redemption,58,Sagittarius 5
sagittarius-6,Sagittarius 6★,Genocidal Nature Sagittarius,Redemption,58,Sagittarius 6
gemini_sister-5,Zenith Oath Gemini 5★,Sol First Gemini,Conclave,58,Zenith Oath Gemini 5
gemini_sister-6,Zenith Oath Gemini 6★,Zenith Oath Gemini,Conclave,58,Zenith Oath Gemini 6
sejo_of_joseon-5,Sejo of Joseon 5★,Sejo of Joseon,Final Calamity: End,58,Sejo of Joseon 5
sejo_of_joseon-6,Sejo of Joseon 6★,Black Magic Beast Sejo of Joseon,Final Calamity: End,58,Sejo of Joseon 6
shu_e-5,Shu E 5★,Shu E,The Unknown Cataclysm,58,Shu E 5
shu_e-6,Shu E 6★,Residual Chapters of Old Shu E,The Unknown Cataclysm,58,Shu E 6
shu_e-ua,Shu E UA,Scattered Chapters of New Shu E,The Unknown Cataclysm,58,Shu E UA
koj_force_oda_tokugawa-5,KoJ Force Oda & Tokugawa 5★,Nobunaga Oda & Ieyasu Tokugawa,Team of Heroes,58,KoJ Force Oda & Tokugawa 5
koj_force_oda_tokugawa-6,KoJ Force Oda & Tokugawa 6★,Fiery Alliance Nobunaga & Ieyasu,Team of Heroes,58,KoJ Force Oda & Tokugawa 6
hero_alliance-5,Hero Alliance 5★,Hero Alliance,Two Heroes,58,Hero Alliance 5
hero_alliance-6,Hero Alliance 6★,Harmonious Assault Hero Alliance,Two Heroes,58,Hero Alliance 6
s_d_b-5,S.D.B. 5★,S.D.B.,Most Sinister Monarch,58,S.D.B. 5
s_d_b-6,S.D.B. 6★,顕験する異機神 S.D.B.,Most Sinister Monarch,58,S.D.B. 6
dodo-5,Dodo 5★,予選ターゲットA,Preliminary Target A,58,Dodo 5
dodo-6,Dodo 6★,現銃鳥 ドードーの評価点,Preliminary Target A,58,Dodo 6
natsume_akutagawa-5,Natsume & Akutagawa 5★,夏目漱石＆芥川龍之介,In Regards to Mankind,58,Natsume & Akutagawa 5
natsume_akutagawa-6,Natsume & Akutagawa 6★,編世の合策 夏目漱石＆芥川龍之介,In Regards to Mankind,58,Natsume & Akutagawa 6
hallucigenia_cl-5,Hallucigenia CL 5★,古の棘虐 ハルキゲニア〈CL〉,ALICE/GAME Part 2 Ticket Hatcher,58,Hallucigenia CL 5
hallucigenia_cl-6,Hallucigenia CL 6★,禍触的棘虐 ハルキゲニア〈CL〉,ALICE/GAME Part 2 Ticket Hatcher,58,Hallucigenia CL 6
smilodon-5,Smilodon 5★,古の獰牙 スミロドン,Defensive Friend's Assault,58,Smilodon 5
smilodon-6,Smilodon 6★,最害的獰牙 スミロドン,Defensive Friend's Assault,58,Smilodon 6
william-5,William 5★,William,My Dear Brother,58,William 5
william-6,William 6★,Chaotic Problem Child William,My Dear Brother,58,William 6
isekai_azazel-5,Isekai Azazel 5★,斬人なる兇魔剣 アザゼル,Abusive Demon King,58,Isekai Azazel 5
isekai_azazel-6,Isekai Azazel 6★,異界蝕む獄魔王 アザゼル,Abusive Demon King,58,Isekai Azazel 6
xmas_galileo_galilei-5,Christmas Galileo & Galilei 5★,The Sister's Detective Galilei,JP Christmas 2019 Exchange,58,Christmas Galileo & Galilei 5
xmas_galileo_galilei-6,Christmas Galileo & Galilei 6★,Holy Laughter Galileo & Galilei,JP Christmas 2019 Exchange,58,Christmas Galileo & Galilei 6
noin-5,Noin 5★,Noin,What I Wanted the Most,58,Noin 5
noin-6,Noin 6★,Frosty Monster Noin,What I Wanted the Most,58,Noin 6
thetis_cmr-tn-5,Thetis CMR-TN 5★,テティスCMR-TN,Synthetic Sea of Reincarnation,58,Thetis CMR-TN 5
thetis_cmr-tn-6,Thetis CMR-TN 6★,闇海合精体 テティスCMR-TN,Synthetic Sea of Reincarnation,58,Thetis CMR-TN 6
ny_hera-5,New Years Hera 5★,Limpid Crimson Hera,Red Team Performance,58,New Years Hera 5
ny_hera-6,New Years Hera 6★,Dazzling Curtain of Song Hera,Red Team Performance,58,New Years Hera 6
ny_leviathan-5,New Years Leviathan 5★,Reverend Sea Dragon Leviathan,A Dragon That Loves Mice,58,New Years Leviathan 5
ny_leviathan-6,New Years Leviathan 6★,Novitiate Dragon Leviathan,A Dragon That Loves Mice,58,New Years Leviathan 6
virbu-5,VirBu / Wilbur 5★,ウィルバー,VirBu / Wilbur Invades!,58,Wilbur 5
virbu-6,VirBu / Wilbur 6★,憎汚の掃除鬼 ウィルバー,VirBu / Wilbur Invades!,58,Wilbur 6
gennai_hiraga-5,Gennai Hiraga 5★,平賀源内,Gennai Hiraga Invades!,58,Gennai Hiraga 5
gennai_hiraga-6,Gennai Hiraga 6★,蘭鰻の操電者 平賀源内,Gennai Hiraga Invades!,58,Gennai Hiraga 6
valentines_tsukuyomi-5,Valentines Tsukuyomi 5★,夢邪気の夜想歌 ツクヨミ,Moon Goddess Who Shines in the Night,58,Valentines Tsukuyomi 5
valentines_tsukuyomi-6,Valentines Tsukuyomi 6★,確醒の神性演 ツクヨミ,Moon Goddess Who Shines in the Night,58,Valentines Tsukuyomi 6
valentines_tsukuyomi-ua,Valentines Tsukuyomi UA,親愛の神性演 ツクヨミ,Moon Goddess Who Shines in the Night,58,Valentines Tsukuyomi UA
onsen_dong_zhuo-5,Onsen Dong Zhuo 5★,挑熱の蒸愛君 董卓,Detective Ranpo's Case File -2nd Act-,58,Onsen Dong Zhuo 5
onsen_dong_zhuo-6,Onsen Dong Zhuo 6★,嗜熱の豪耐君 董卓,Detective Ranpo's Case File -2nd Act-,58,Onsen Dong Zhuo 6
blossom_rap_kagutsuchi-5,Blossom Rap Kagutsuchi 5★,親音の韻火 カグツチ,The Fire God's Burning Spirit,58,Blossom Rap Kagutsuchi 5
blossom_rap_kagutsuchi-6,Blossom Rap Kagutsuchi 6★,神家の温詞炎 カグツチ,The Fire God's Burning Spirit,58,Blossom Rap Kagutsuchi 6
singer_columbus-6,Singer Columbus 6★,The Voice of Columbus,Leif Goes to ALIWOOD,53,Singer Columbus 6
singer_columbus-ua,Singer Columbus UA,Ol' Blue Eyes Columbus,Leif Goes to ALIWOOD,58,Singer Columbus UA
xmas_nakoto-5,Christmas Nakoto 5★,Sleepy Savior Nakoto,A Chaotic Christmas,58,Christmas Nakoto 5
xmas_nakoto-6,Christmas Nakoto 6★,X-mas Morning Breakfast Nakoto,A Chaotic Christmas,58,Christmas Nakoto 6
xmas_virgo_taurus-5,Christmas Virgo & Taurus 5★,Christmas Ready Virgo & Taurus,A Christmas Dream,58,Christmas Virgo & Taurus 5
xmas_virgo_taurus-6,Christmas Virgo & Taurus 6★,Christmas Party Virgo & Taurus,A Christmas Dream,58,Christmas Virgo & Taurus 6
travel_yog-sothoth-6,Travel Yog-Sothoth 6★,Plague Stravaganza Yog-Sothoth,"Buongiorno, Signore Mashere!",53,Travel Yog-Sothoth 6
travel_yog-sothoth-ua,Travel Yog-Sothoth UA,Sospiro Mysterioso Yog-Sothoth,"Buongiorno, Signore Mashere!",58,Travel Yog-Sothoth UA
walpurgisnacht-5,Walpurgisnacht 5★,Stage Device Witch,The Ultimate Calamity,58,Walpurgisnacht 5
walpurgisnacht-6,Walpurgisnacht 6★,Walpurgisnacht Stage Witch,The Ultimate Calamity,58,Walpurgisnacht 6
accelerator-5,Accelerator 5★,Accelerator,First Place Ruler,58,Accelerator 5
accelerator-6,Accelerator 6★,Academy City's #1 Accelerator,First Place Ruler,58,Accelerator 6
ellen_m_mathers-5,Ellen M. Mathers 5★,Ellen M. Mathers,The Strongest Magician of the World,58,Ellen M. Mathers 5
ellen_m_mathers-6,Ellen M. Mathers 6★,Ultimate Wizard Ellen M. Mathers,The Strongest Magician of the World,58,Ellen M. Mathers 6
ellen_m_mathers-ua,Ellen M. Mathers UA,Ellen M. Mathers,The Strongest Magician of the World,58,Ellen M. Mathers UA
gothic_rock_meiko-5,Gothic Rock Meiko 5★,Fascinating Red Maquillage MEIKO,The Gothic Road,58,Gothic Rock Meiko 5
gothic_rock_meiko-6,Gothic Rock Meiko 6★,Red String Beauty MEIKO,The Gothic Road,58,Gothic Rock Meiko 6
bonanza-5,Bonanza 5★,Bonanza,Avaricia Tower F12,58,Bonanza 5
bonanza-6,Bonanza 6★,Queen of Avaricia Bonanza,Avaricia Tower F12,58,Bonanza 6
rose-5,Rose 5★,Rose,Elfram Tower F12,58,Rose 5
rose-6,Rose 6★,Queen of Elfram Rose,Elfram Tower F12,58,Rose 6
sophia-5,Sophia 5★,Sophia,Chandille Tower F12,58,Sophia 5
sophia-6,Sophia 6★,Queen of Chandille Sophia,Chandille Tower F12,58,Sophia 6
elly-5,Elly 5★,Elly,Lucial Tower F12,58,Elly 5
elly-6,Elly 6★,Queen of Lucial Elly,Lucial Tower F12,58,Elly 6
gung_ye-5,Gung Ye 5★,Gung Ye,False Tower F11,58,Gung Ye 5
gung_ye-6,Gung Ye 6★,False Bodhisattva Gung Ye,False Tower F11,58,Gung Ye 6
mutated_taotie-5,Mutated Taotie 5★,Enchanted Seal・Blue,Tower of Four Perils F4,58,Mutated Taotie 5
mutated_taotie-6,Mutated Taotie 6★,Twisted Sweet Swallow Taotie,Tower of Four Perils F4,58,Mutated Taotie 6
mutated_qiong_qi-5,Mutated Qiong Qi 5★,Enchanted Seal・Red,Tower of Four Perils F8,58,Mutated Qiong Qi 5
mutated_qiong_qi-6,Mutated Qiong Qi 6★,Good and Evil Judgement Qiong Qi,Tower of Four Perils F8,58,Mutated Qiong Qi 6
mutated_hun_dun-5,Mutated Hun Dun 5★,Enchanted Seal・Green,Tower of Four Perils F12,58,Mutated Hun Dun 5
mutated_hun_dun-6,Mutated Hun Dun 6★,Dark-Mutated Source Code Hun Dun,Tower of Four Perils F12,58,Mutated Hun Dun 6
muramasa-5,Muramasa 5★,Muramasa,Ranking Point Exchange,58,Muramasa 5
muramasa-6,Muramasa 6★,"Muramasa, the Executioner",Ranking Point Exchange,58,Muramasa 6
masamune-5,Masamune 5★,Masamune,Ranking Point Exchange,58,Masamune 5
masamune-6,Masamune 6★,"Masamune, the Ultimate Blade",Ranking Point Exchange,58,Masamune 6
ame_no_murakumo-5,Ame no Murakumo 5★,Ame no Murakumo,Ranking Point Exchange,58,Ame no Murakumo 5
ame_no_murakumo-6,Ame no Murakumo 6★,"Ame no Murakumo, Wild Soul",Ranking Point Exchange,58,Ame no Murakumo 6
gae_bolg-5,Gáe Bolg 5★,Gáe Bolg,Ranking Point Exchange,58,Gáe Bolg 5
gae_bolg-6,Gáe Bolg 6★,Arrows of Thunder Gáe Bolg,Ranking Point Exchange,58,Gáe Bolg 6
trident-5,Trident 5★,Trident,Ranking Point Exchange,58,Trident 5
trident-6,Trident 6★,Manipulator of Oceans Trident,Ranking Point Exchange,58,Trident 6
gungnir-5,Gungnir 5★,Gungnir,Ranking Point Exchange,58,Gungnir 5
gungnir-6,Gungnir 6★,Triumphal Spear Gungnir,Ranking Point Exchange,58,Gungnir 6
gambanteinn-5,Gambanteinn 5★,Gambanteinn,Ranking Point Exchange,58,Gambanteinn 5
gambanteinn-6,Gambanteinn 6★,Lucid Offering Gambanteinn,Ranking Point Exchange,58,Gambanteinn 6
sha_wujing-5,Sha Wujing 5★,Sha Wujing,Ranking Point Exchange,58,Sha Wujing 5
sha_wujing-6,Sha Wujing 6★,Lunar Gold Sha Wujing,Ranking Point Exchange,58,Sha Wujing 6
caduceus-5,Caduceus 5★,Caduceus,Ranking Point Exchange,58,Caduceus 5
caduceus-6,Caduceus 6★,Staff of Healing Caduecues,Ranking Point Exchange,58,Caduceus 6
onsen_necronomicon-5,Onsen Necronomicon 5★,Bewildered Instant Necronomicon,Ranking Point Exchange,58,Onsen Necronomicon 5
onsen_necronomicon-6,Onsen Necronomicon 6★,Fatal Attraction Necronomicon,Ranking Point Exchange,58,Onsen Necronomicon 6
magician-5,Magician 5★,Magician,Ghost Point Exchange,58,Magician 5
magician-6,Magician 6★,"Magician, Serendipitous Conjurer",Ghost Point Exchange,58,Magician 6
lovers-5,Lovers 5★,Lovers,Ghost Point Exchange,58,Lovers 5
lovers-6,Lovers 6★,Prisoner of Passion Lovers,Ghost Point Exchange,58,Lovers 6
chariot-5,Chariot 5★,Chariot,Ghost Point Exchange,58,Chariot 5
chariot-6,Chariot 6★,Unforgiving Chariot,Ghost Point Exchange,58,Chariot 6
strength-5,Strength 5★,Strength,Ghost Point Exchange,58,Strength 5
strength-6,Strength 6★,Valiant Beastmaster Strength,Ghost Point Exchange,58,Strength 6
ranpo_edogawa-5,Ranpo Edogawa 5★,江戸川乱歩,JP Onsen 2020 Missions,58,Ranpo Edogawa 5
ranpo_edogawa-6,Ranpo Edogawa 6★,怪筆の聡眼鏡 江戸川乱歩,JP Onsen 2020 Missions,58,Ranpo Edogawa 6
nakoto-5,Nakoto 5★,Sealed Savior Nakoto,Chaotic Fragment Exchange,58,Nakoto 5
nakoto-6,Nakoto 6★,Freed Savior Nakoto,Chaotic Fragment Exchange,58,Nakoto 6
ophiuchus-5,Ophiuchus 5★,Ophiuchus Ring,Stardust Exchange,58,Ophiuchus 5
ophiuchus-red,Red Ophiuchus,Hellbound Snake Ophiuchus,Stardust Exchange,58,Red Ophiuchus
ophiuchus-green,Green Ophiuchus,Savage Snake Ophiuchus,Stardust Exchange,58,Green Ophiuchus
ophiuchus-blue,Blue Ophiuchus,Laguna Snake Ophiuchus,Stardust Exchange,58,Blue Ophiuchus
ophiuchus-yellow,Yellow Ophiuchus,Wasteland Snake Ophiuchus,Stardust Exchange,58,Yellow Ophiuchus
travel_michelangelo-6,Travel Michelangelo 6★,Flying Squirrel Michelangelo,Never Summer Trails,53,Travel Michelangelo 6
travel_michelangelo-ua,Travel Michelangelo UA,Airborne Squirrel Michelangelo,Never Summer Trails,58,Travel Michelangelo UA
qilin-4,Qilin 4★,Qilin,Qilin Invades!,53,Qilin 4
qilin-5,Qilin 5★,Rare Mythical Beast Qilin,Qilin Invades!,53,Qilin 5
qilin-6,Qilin 6★,"Qilin, Ultimate Beast Lord",Qilin Invades!,53,Qilin 6
qilin-ua,Qilin UA,Quadri-light Beast Qilin,Qilin Invades!,53,Qilin UA
odin-4,Odin 4★,Odin,Odin Invades!,53,Odin 4
odin-5,Odin 5★,Guardian of Wisdom Odin,Odin Invades!,53,Odin 5
odin-6,Odin 6★,Machine God Odin,Odin Invades!,53,Odin 6
odin-ua,Odin UA,Deus Ex Machina Odin,Odin Invades!,53,Odin UA
nobunaga_oda-5,Nobunaga Oda 5★,Nobunaga Oda,Nobunaga Oda Invades!,53,Nobunaga Oda 5
nobunaga_oda-6,Nobunaga Oda 6★,"Nobunaga Oda, True Conqueror",Nobunaga Oda Invades!,53,Nobunaga Oda 6
nobunaga_oda-ua,Nobunaga Oda UA,"Nobunaga Oda, Flame Shadow",Nobunaga Oda Invades!,53,Nobunaga Oda UA
lucifer-5,Lucifer 5★,Lucifer,Lucifer Invades!,53,Lucifer 5
lucifer-6,Lucifer 6★,Haughty Fallen Angel Lucifer,Lucifer Invades!,53,Lucifer 6
zeus-5,Zeus 5★,Zeus,Zeus Invades!,53,Zeus 5
zeus-6,Zeus 6★,Omnipotent God of Thunder Zeus,Zeus Invades!,53,Zeus 6
set-5,Set 5★,Set,Set Invades!,53,Set 5
set-6,Set 6★,Raging Storm Deity Set,Set Invades!,53,Set 6
gilgamesh-5,Gilgamesh 5★,Gilgamesh,Gilgamesh Invades!,53,Gilgamesh 5
gilgamesh-6,Gilgamesh 6★,Rowdy Lion Gilgamesh,Gilgamesh Invades!,53,Gilgamesh 6
lu_bu-5,Lu Bu 5★,Lü Bu,Lü Bu Invades!,53,Lu Bu 5
lu_bu-6,Lu Bu 6★,Vicious Warlord Lü Bu,Lü Bu Invades!,53,Lu Bu 6
hera-5,Hera 5★,Hera,Hera Invades!,53,Hera 5
hera-6,Hera 6★,Jealous Wordsmith Hera,Hera Invades!,53,Hera 6
kafka-5,Kafka 5★,Kafka,Kafka Invades!,53,Kafka 5
kafka-6,Kafka 6★,Winning Metamorphosis Kafka,Kafka Invades!,53,Kafka 6
hideyoshi_toyotomi-5,Hideyoshi Toyotomi 5★,Hideyoshi Toyotomi,Hideyoshi Toyotomi Invades!,53,Hideyoshi Toyotomi 5
hideyoshi_toyotomi-6,Hideyoshi Toyotomi 6★,Rising Dragon Hideyoshi Toyotomi,Hideyoshi Toyotomi Invades!,53,Hideyoshi Toyotomi 6
loki-5,Loki 5★,Loki,Loki Invades!,53,Loki 5
loki-6,Loki 6★,Destroyer of Worlds Loki,Loki Invades!,53,Loki 6
susanoo-5,Susano'o 5★,Susano'o,Susano'o Invades!,53,Susano'o 5
susanoo-6,Susano'o 6★,Lord of War Susano'o,Susano'o Invades!,53,Susano'o 6
andersen-5,Andersen 5★,Andersen,Andersen Invades!,53,Andersen 5
andersen-6,Andersen 6★,Waxing Poetic Andersen,Andersen Invades!,53,Andersen 6
alexander-5,Alexander 5★,Alexander,Alexander Invades!,53,Alexander 5
alexander-6,Alexander 6★,Alexander the Great,Alexander Invades!,53,Alexander 6
arsene_lupin-5,Arsene Lupin 5★,Arsène Lupin,Arsène Lupin Invades!,53,Arsene Lupin 5
arsene_lupin-6,Arsene Lupin 6★,Disappearing Thief Arsène Lupin,Arsène Lupin Invades!,53,Arsene Lupin 6
mephisto-5,Mephisto 5★,Mephisto,Mephisto Invades!,53,Mephisto 5
mephisto-6,Mephisto 6★,Soul Corruption Mephisto,Mephisto Invades!,53,Mephisto 6
perry-5,Perry 5★,Perry,Black Ship Invades!,53,Perry 5
perry-6,Perry 6★,Gate Opening Commodore Perry,Black Ship Invades!,53,Perry 6
ieyasu_tokugawa-5,Ieyasu Tokugawa 5★,Ieyasu Tokugawa,Ieyasu Tokugawa Invades!,53,Ieyasu Tokugawa 5
ieyasu_tokugawa-6,Ieyasu Tokugawa 6★,Retired Shogun Ieyasu Tokugawa,Ieyasu Tokugawa Invades!,53,Ieyasu Tokugawa 6
persephone-5,Persephone 5★,Persephone,Persephone Invades!,53,Persephone 5
persephone-6,Persephone 6★,Twin Scythe Goddess Persephone,Persephone Invades!,53,Persephone 6
medjed-5,Medjed 5★,Medjed,Medjed Invades!,53,Medjed 5
medjed-6,Medjed 6★,Hidden Seer Medjed,Medjed Invades!,53,Medjed 6
sandalphon-5,Sandalphon 5★,Sandalphon,Sandalphon Invades!,53,Sandalphon 5
sandalphon-6,Sandalphon 6★,Bishop Sandalphon Sys,Sandalphon Invades!,53,Sandalphon 6
cao_cao-5,Cao Cao 5★,Cao Cao,Cao Cao Invades!,53,Cao Cao 5
cao_cao-6,Cao Cao 6★,Conqueror of Chaos Cao Cao,Cao Cao Invades!,53,Cao Cao 6
ying_zheng-5,Ying Zheng 5★,Ying Zheng,Ying Zheng Invades!,53,Ying Zheng 5
ying_zheng-6,Ying Zheng 6★,First Emperor Ying Zheng,Ying Zheng Invades!,53,Ying Zheng 6
xun_zi-5,Xun Zi 5★,Xun Zi,Xun Zi Invades!,53,Xun Zi 5
xun_zi-6,Xun Zi 6★,Etiquette Heretic Xun Zi,Xun Zi Invades!,53,Xun Zi 6
taotie-5,Taotie 5★,Taotie,Taotie Invades!,53,Taotie 5
taotie-6,Taotie 6★,Twisted Love Taotie,Taotie Invades!,53,Taotie 6
han_fei-5,Han Fei 5★,Han Fei,Han Fei Invades!,53,Han Fei 5
han_fei-6,Han Fei 6★,Law and Execution Han Fei,Han Fei Invades!,53,Han Fei 6
qiong_qi-5,Qiong Qi 5★,Qiong Qi,Qiong Qi Invades!,53,Qiong Qi 5
qiong_qi-6,Qiong Qi 6★,Virtue and Vice Qiong Qi,Qiong Qi Invades!,53,Qiong Qi 6
li_si-5,Li Si 5★,Li Si,Li Si Invades!,53,Li Si 5
li_si-6,Li Si 6★,Thorns of Punishment Li Si,Li Si Invades!,53,Li Si 6
hun_dun-5,Hun Dun 5★,Hun Dun,Codes of Chaos,53,Hun Dun 5
hun_dun-6,Hun Dun 6★,Hollow Malice Hun Dun,Codes of Chaos,53,Hun Dun 6
lu_ban-5,Lu Ban 5★,Lu Ban,War-Ending Blade,53,Lu Ban 5
lu_ban-6,Lu Ban 6★,Genius Engineer Lu Ban,War-Ending Blade,53,Lu Ban 6
ban_gu-5,Ban Gu 5★,Ban Gu,The Two Historians,53,Ban Gu 5
ban_gu-6,Ban Gu 6★,Genius Recordkeeper Ban Gu,The Two Historians,53,Ban Gu 6
ban_chao-5,Ban Chao 5★,Ban Chao,Wrath of the Warrior,53,Ban Chao 5
ban_chao-6,Ban Chao 6★,Protector General Ban Chao,Wrath of the Warrior,53,Ban Chao 6
huainanzi-5,Huainanzi 5★,Huainanzi,Breakout and Pursuit,53,Huainanzi 5
huainanzi-6,Huainanzi 6★,Grand Illumination Huainanzi,Breakout and Pursuit,53,Huainanzi 6
hui_shi-5,Hui Shi 5★,Hui Shi,A Human Conflict,53,Hui Shi 5
hui_shi-6,Hui Shi 6★,Identical Irregularity Hui Shi,A Human Conflict,53,Hui Shi 6
painted_skin-5,The Painted Skin 5★,The Painted Skin,The Painted Skin Ghost,53,The Painted Skin 5
painted_skin-6,The Painted Skin 6★,The Phantasmagoric Painted Skin,The Painted Skin Ghost,53,The Painted Skin 6
yog-sothoth-5,Yog-Sothoth 5★,Outer God Yog-Sothoth,The Chaos Begins!,53,Yog-Sothoth 5
yog-sothoth-6,Yog-Sothoth 6★,Eldritch Cosmic God Yog-Sothoth,The Chaos Begins!,53,Yog-Sothoth 6
rasputin-5,Rasputin 5★,Rasputin,Rasputin Invades!,53,Rasputin 5
rasputin-6,Rasputin 6★,Prophet of Mysticism Rasputin,Rasputin Invades!,53,Rasputin 6
shub-niggurath-5,Shub-Niggurath 5★,Outer One Shub-Niggurath,The Walpurgis Sacrifice,53,Shub-Niggurath 5
shub-niggurath-6,Shub-Niggurath 6★,Black Goat Shub-Niggurath,The Walpurgis Sacrifice,53,Shub-Niggurath 6
cthugha-5,Cthugha 5★,Cthugha,Dark Supernova,53,Cthugha 5
cthugha-6,Cthugha 6★,Living Flame Cthugha,Dark Supernova,53,Cthugha 6
mi-go-5,Mi-Go 5★,Mi-Go,Starfire Upon The Ice,53,Mi-Go 5
mi-go-6,Mi-Go 6★,Chaotic Soldier of Evil Mi-Go,Starfire Upon The Ice,53,Mi-Go 6
tsathoggua-5,Tsathoggua 5★,Tsathoggua,Awakening Trial,53,Tsathoggua 5
tsathoggua-6,Tsathoggua 6★,All-Powerful Tsathoggua,Awakening Trial,53,Tsathoggua 6
taurus-5,Taurus 5★,Stylish Mantle Taurus,Deceptio Nox,53,Taurus 5
taurus-6,Taurus 6★,Unbroken Ruler Taurus,Deceptio Nox,53,Taurus 6
pisces-5,Pisces 5★,Intoxicating Visuals Pisces,Terranova,53,Pisces 5
pisces-6,Pisces 6★,Art-Aholic Pisces,Terranova,53,Pisces 6
aries-5,Aries 5★,It Ain't Funk Aries,The Triangle,53,Aries 5
aries-6,Aries 6★,Verses from the Ground Aries,The Triangle,53,Aries 6
aquarius-5,Aquarius 5★,Devious Nature Aquarius,Wanted: Dead or Online,53,Aquarius 5
aquarius-6,Aquarius 6★,Moral Nihilism Aquarius,Wanted: Dead or Online,53,Aquarius 6
capricorn-5,Capricorn 5★,Augmented Joy Capricorn,Ronin,53,Capricorn 5
capricorn-6,Capricorn 6★,Joyful Subroutine Capricorn,Ronin,53,Capricorn 6
lee_bangwon-5,Lee Bangwon 5★,Lee Bangwon,Lee Bangwon Invades!,53,Lee Bangwon 5
lee_bangwon-6,Lee Bangwon 6★,Chaoseater Dragon Lee Bangwon,Lee Bangwon Invades!,53,Lee Bangwon 6
eoudong-5,Eoudong 5★,Eoudong,Eoudong Invades!,53,Eoudong 5
eoudong-6,Eoudong 6★,Deadly Seductress Eoudong,Eoudong Invades!,53,Eoudong 6
lee_sunggye-5,Lee Sunggye 5★,Lee Sunggye,Lee Sunggye Invades!,53,Lee Sunggye 5
lee_sunggye-6,Lee Sunggye 6★,Emperor Dragon Lee Sunggye,Lee Sunggye Invades!,53,Lee Sunggye 6
yeonsangun-5,Yeonsangun 5★,Yeonsangun,Yeonsangun Invades!,53,Yeonsangun 5
yeonsangun-6,Yeonsangun 6★,Bloody Mad Dragon Yeonsangun,Yeonsangun Invades!,53,Yeonsangun 6
jang_hui-bin-5,Jang Hui-bin 5★,Jang Hui-bin,Bewitching Erosion,53,Jang Hui-bin 5
jang_hui-bin-6,Jang Hui-bin 6★,Corrosive Flower Jang Hui-bin,Bewitching Erosion,53,Jang Hui-bin 6
buyeo_gu-5,Buyeo Gu 5★,Buyeo Gu,Supremacy is Mine!,53,Buyeo Gu 5
buyeo_gu-6,Buyeo Gu 6★,Hot Blooded Subjugator Buyeo Gu,Supremacy is Mine!,53,Buyeo Gu 6
sobyeol-wang-5,Sobyeol-Wang 5★,Sobyeol-Wang,Two Moons on a Long Night,53,Sobyeol-Wang 5
sobyeol-wang-6,Sobyeol-Wang 6★,Moon Destroyer Sobyeol-Wang,Two Moons on a Long Night,53,Sobyeol-Wang 6
pyohun_daedeok-5,Pyohun Daedeok 5★,Pyohun Daedeok,Pyohun Daedeok Arc,53,Pyohun Daedeok 5
pyohun_daedeok-6,Pyohun Daedeok 6★,Cursed Genius Pyohun Daedeok,Pyohun Daedeok Arc,53,Pyohun Daedeok 6
ao-5,Ao 5★,Ao,Underground Uproar,53,Ao 5
ao-6,Ao 6★,Earth Shaker Ao,Underground Uproar,53,Ao 6
du_fu-5,Du Fu 5★,Du Fu,Du Fu Invades!,53,Du Fu 5
du_fu-6,Du Fu 6★,Saint of Poems Du Fu,Du Fu Invades!,53,Du Fu 6
li_he-5,Li He 5★,Li He,Li He Invades!,53,Li He 5
li_he-6,Li He 6★,Ghost of Poetry Li He,Li He Invades!,53,Li He 6
li_qingzhao-5,Li Qingzhao 5★,Li Qingzhao,Li Qingzhao Invades!,53,Li Qingzhao 5
li_qingzhao-6,Li Qingzhao 6★,Graceful Restrained Li Qingzhao,Li Qingzhao Invades!,53,Li Qingzhao 6
ouyang_xiu-5,Ouyang Xiu 5★,Ouyang Xiu,Scattering Flowers,53,Ouyang Xiu 5
ouyang_xiu-6,Ouyang Xiu 6★,Total Unification Ouyang Xiu,Scattering Flowers,53,Ouyang Xiu 6
past_belial-5,Past Belial 5★,Adjudicator Belial,Time Travel in ALICE -The First-,53,Past Belial 5
past_belial-6,Past Belial 6★,Wicked Judge Belial,Time Travel in ALICE -The First-,53,Past Belial 6
nurupon_white,Nurupon White,Nurupon White,Occupying Babylonia Tower,53,Nurupon White
nurupon_red,Nurupon Red,Emotional Ranger Nurupon Red,Occupying Babylonia Tower,53,Nurupon Red
nurupon_green,Nurupon Green,Wise Ranger Nurupon Green,Occupying Babylonia Tower,53,Nurupon Green
nurupon_blue,Nurupon Blue,Noble Ranger Nurupon Blue,Occupying Babylonia Tower,53,Nurupon Blue
nurupon_yellow,Nurupon Yellow,Flirty Ranger Nurupon Yellow,Occupying Babylonia Tower,53,Nurupon Yellow
yao_bikuni-5,Yao Bikuni 5★,Yao Bikuni,The Silky-Skinned Lady,53,Yao Bikuni 5
yao_bikuni-6,Yao Bikuni 6★,One-sided Affection Yao Bikuni,The Silky-Skinned Lady,53,Yao Bikuni 6
tezcatlipoca-5,Tezcatlipoca 5★,Tezcatlipoca,Tezcatlipoca Invades!,53,Tezcatlipoca 5
tezcatlipoca-6,Tezcatlipoca 6★,Heavenly Void God Tezcatlipoca,Tezcatlipoca Invades!,53,Tezcatlipoca 6
french_rev_army-5,French Revolutionary Army 5★,French Revolutionary Army,Request to Disband,53,French Revolutionary Army 5
french_rev_army-6,French Revolutionary Army 6★,French Revolutionary Army Front,Request to Disband,53,French Revolutionary Army 6
malphas-5,Malphas 5★,Malphas,Wings of Mystery,53,Malphas 5
malphas-6,Malphas 6★,Demon Flight Beakwing Malphas,Wings of Mystery,53,Malphas 6
cb_atsuhime-5,Crash Breaker Atsuhime 5★,雅甲姫 篤姫,This is My Coloring Technique,53,Crash Breaker Atsuhime 5
cb_atsuhime-6,Crash Breaker Atsuhime 6★,纏装の雅甲姫 篤姫,This is My Coloring Technique,53,Crash Breaker Atsuhime 6
griffon_turtle-5,Griffon & Turtle 5★,予選ターゲットB＆C,Preliminary Targets B & C,53,Griffon & Turtle 5
griffon_turtle-6,Griffon & Turtle 6★,異覚征 グリフォン＆代用ウミガメ,Preliminary Targets B & C,53,Griffon & Turtle 6
ogai_mori-5,Ogai Mori 5★,森鴎外,In Regards to Life,53,Ogai Mori 5
ogai_mori-6,Ogai Mori 6★,死考する罪舟 森鴎外,In Regards to Life,53,Ogai Mori 6
megatherium-5,Megatherium 5★,古の巨漫 メガテリウム,Destructive Giant Body,53,Megatherium 5
megatherium-6,Megatherium 6★,崩絶的巨漫 メガテリウム,Destructive Giant Body,53,Megatherium 6
z_hikoboshi_orihime-5,Zombie Hikoboshi & Orihime 5★,Love Zombies Hikoboshi & Orihime,Miracle Zombie Way,53,Zombie Hikoboshi & Orihime 5
z_hikoboshi_orihime-6,Zombie Hikoboshi & Orihime 6★,Bewitching Undead Milky Zombies,Miracle Zombie Way,53,Zombie Hikoboshi & Orihime 6
zombie_cockcroft-5,Zombie Cockcroft 5★,Advancing Wing Scholar Cockcroft,Unstoppable Wings of Doom,53,Zombie Cockcroft 5
zombie_cockcroft-6,Zombie Cockcroft 6★,Suppressing Wing Mage Cockcroft,Unstoppable Wings of Doom,53,Zombie Cockcroft 6
isekai_izanami-5,Isekai Izanmai 5★,神森治める母精 イザナミ,The Holy Mother Goddess,53,Isekai Izanmai 5
isekai_izanami-6,Isekai Izanami 6★,征魔の霊嵐流 イザナミ,The Holy Mother Goddess,53,Isekai Izanami 6
pythagoras-5,Pythagoras 5★,ピタゴラス,Apostle of Numbers,53,Pythagoras 5
pythagoras-6,Pythagoras 6★,賢像の数拝者 ピタゴラス,Apostle of Numbers,53,Pythagoras 6
xmas_erwin-5,Christmas Erwin 5★,Ice Cold Affection Erwin,What I Waited the Most,53,Christmas Erwin 5
xmas_erwin-6,Christmas Erwin 6★,Bowl of Frozen Affection Erwin,What I Waited the Most,53,Christmas Erwin 6
xmas_galileo-5,Christmas Galileo 5★,Galileo,What I Care the Most,53,Christmas Galileo 5
xmas_galileo-6,Christmas Galileo 6★,Heart of Ice Galileo,What I Care the Most,53,Christmas Galileo 6
four_guardians_cmr-tn-5,Four Guardians CMR-TN 5★,四神CMR-TN,Taboo Divinity,53,Four Guardians CMR-TN 5
four_guardians_cmr-tn-6,Four Guardians CMR-TN 6★,不聖異形獣 四神CMR-TN,Taboo Divinity,53,Four Guardians CMR-TN 6
ny_beelzebub-5,New Years Beelzebub 5★,Ghostly Ringmaster Beelzebub,White Team Performance,53,New Years Beelzebub 5
ny_beelzebub-6,New Years Beelzebub 6★,Velvet Voice of Man Beelzebub,White Team Performance,53,New Years Beelzebub 6
pito-5,Pito 5★,【名称未設定】,No Name Given Invades!,53,Pito 5
pito-6,Pito 6★,集答の絵字体 ピト,No Name Given Invades!,53,Pito 6
valentines_sphinx-5,Valentines Sphinx 5★,虜心の橙幻歌 スフィンクス,A Smile That Captivates Everyone,53,Valentines Sphinx 5
valentines_sphinx-6,Valentines Sphinx 6★,央起の彩場演 スフィンクス,A Smile That Captivates Everyone,53,Valentines Sphinx 6
valentines_sphinx-ua,Valentines Sphinx UA,親愛の彩場演 スフィンクス,A Smile That Captivates Everyone,53,Valentines Sphinx UA
valentines_amontons-5,Valentines Amontons 5★,届恋の瞳潤歌 アモントン,"Bring Out Your Courage in... 1, 2, 3!",53,Valentines Amontons 5
valentines_amontons-6,Valentines Amontons 6★,摯恋の甘声演 アモントン,"Bring Out Your Courage in... 1, 2, 3!",53,Valentines Amontons 6
valentines_amontons-ua,Valentines Amontons UA,親愛の甘声演 アモントン,"Bring Out Your Courage in... 1, 2, 3!",53,Valentines Amontons UA
onsen_fiend_w_20_faces-5,Onsen Fiend with 20 Faces 5★,騙名の異面 怪人二十面相,Detective Ranpo's Case File -1st Act-,53,Onsen Fiend with 20 Faces 5
onsen_fiend_w_20_faces-6,Onsen Fiend with 20 Faces 6★,疑枠の淑泊者 怪人二十面相,Detective Ranpo's Case File -1st Act-,53,Onsen Fiend with 20 Faces 6
rap_happy_yoshino-5,Blossom Rap Happy & Yoshino 5★,ハッピー＆ヨシノ,Joy of Spring ★ Blessings with You,53,Blossom Rap Happy & Yoshino 5
rap_happy_yoshino-6,Blossom Rap Happy & Yoshino 6★,迎暖の歓染組 ハッピー＆ヨシノ,Joy of Spring ★ Blessings with You,53,Blossom Rap Happy & Yoshino 6
zhong_kui-5,Zhong Kui 5★,Zhong Kui,Zhong Kui Invades!,53,Zhong Kui 5
zhong_kui-6,Zhong Kui 6★,Demon Hunter Zhong Kui,Zhong Kui Invades!,53,Zhong Kui 6
hou_yi-5,Hou Yi 5★,Hou Yi,Moon Palace Code 0815,53,Hou Yi 5
hou_yi-6,Hou Yi 6★,Sunlight Firebird Hou Yi,Moon Palace Code 0815,53,Hou Yi 6
chu_huai_wang-5,Chu Huai Wang 5★,Chu Huai Wang,Chu Huai Wang Invades!,53,Chu Huai Wang 5
chu_huai_wang-6,Chu Huai Wang 6★,Tragic Lord Chu Huai Wang,Chu Huai Wang Invades!,53,Chu Huai Wang 6
wu_gang-5,Wu Gang 5★,Wu Gang,Guanghan Palace's Endless Night,53,Wu Gang 5
wu_gang-6,Wu Gang 6★,Limitless Strength Wu Gang,Guanghan Palace's Endless Night,53,Wu Gang 6
yuan_shao-5,Yuan Shao 5★,Yuan Shao,One Night Mirage,53,Yuan Shao 5
yuan_shao-6,Yuan Shao 6★,Financial Conqueror Yuan Shao,One Night Mirage,53,Yuan Shao 6
xiaoxiu-5,Xiaoxiu 5★,飄香臭豆腐,Happy Stomach Night Market,53,Xiaoxiu 5
xiaoxiu-6,Xiaoxiu 6★,夜市濃郁飄香 小秀,Happy Stomach Night Market,53,Xiaoxiu 6
mecha_nian_beast-5,Mecha Nian Beast 5★,Mecha Nian Beast,New Year Weapons Battle Jam!,53,Mecha Nian Beast 5
mecha_nian_beast-6,Mecha Nian Beast 6★,NY Weapon Mecha Nian Beast,New Year Weapons Battle Jam!,53,Mecha Nian Beast 6
krampus-5,Krampus 5★,Krampus,Krampus Unwrapped!,53,Krampus 5
krampus-6,Krampus 6★,Insatiable Demon Krampus,Krampus Unwrapped!,53,Krampus 6
cheer_kafka-5,Cheerleader Kafka 5★,Military Beam Kafka,Overcome Your Limits!,53,Cheerleader Kafka 5
cheer_kafka-6,Cheerleader Kafka 6★,Vanquish Warbaby Kafka,Overcome Your Limits!,53,Cheerleader Kafka 6
travel_columbus-5,Travel Columbus 5★,Soul of a Vagabond Columbus,Lust of Conquest Wings,53,Travel Columbus 5
travel_columbus-6,Travel Columbus 6★,Any Means Necessary Columbus,Lust of Conquest Wings,53,Travel Columbus 6
hw_tom_sawyer-5,Halloween Tom Sawyer 5★,Deadly Pumpkin Carver Tom Sawyer,GL Halloween Sweets Exchange,53,Halloween Tom Sawyer 5
hw_tom_sawyer-6,Halloween Tom Sawyer 6★,The Color of Tricks Tom Sawyer,GL Halloween Sweets Exchange,53,Halloween Tom Sawyer 6
halloween_silvia-5,Halloween Silvia 5★,Magical Witch Key Silvia,GL Halloween Sweets Exchange,53,Halloween Silvia 5
halloween_silvia-6,Halloween Silvia 6★,Midnight Witch Key Silvia,GL Halloween Sweets Exchange,53,Halloween Silvia 6
miku_lucifer-5,Miku Cosplay Lucifer 5★,Song Lord Lucifer,Electric Diva's Fallen Angel,53,Miku Cosplay Lucifer 5
miku_lucifer-6,Miku Cosplay Lucifer 6★,Song Angel Lucifer,Electric Diva's Fallen Angel,53,Miku Cosplay Lucifer 6
crazed_cat-5,Crazed Cat 5★,Crazed Cat,Crazed Cat Descends!,53,Crazed Cat 5
crazed_cat-6,Crazed Cat 6★,Crazed Macho Cat,Crazed Cat Descends!,53,Crazed Cat 6
tos_lucifer-5,Tower of Saviors Lucifer 5★,Michael-Lucifer,Enoch Tower Descends!,53,Tower of Saviors Lucifer 5
tos_lucifer-6,Tower of Saviors Lucifer 6★,Wings of Chaos-Lucifer,Enoch Tower Descends!,53,Tower of Saviors Lucifer 6
iori_yagami-5,Iori Yagami 5★,Iori Yagami,Saxophone Under the Moon!,53,Iori Yagami 5
iori_yagami-6,Iori Yagami 6★,Unbridled Instinct Iori,Saxophone Under the Moon!,53,Iori Yagami 6
celebration_miku-5,Celebration Hatsune Miku 5★,Historic Prayer Hatsune Miku,Surprise Party!,53,Celebration Hatsune Miku 5
celebration_miku-6,Celebration Hatsune Miku 6★,Time-Transcending Hatsune Miku',Surprise Party!,53,Celebration Hatsune Miku 6
bonanza_luka-5,Bonanza Cosplay Megurine Luka 5★,Fighting Queen Megurine Luka,Fight on the Stage,53,Bonanza Cosplay Megurine Luka 5
bonanza_luka-6,Bonanza Cosplay Megurine Luka 6★,Echoing Queen Megurine Luka,Fight on the Stage,53,Bonanza Cosplay Megurine Luka 6
staphylococcus_aureus-5,Staphylococcus Aureus 5★,黄色ブドウ球菌,Chaotic Grape-Picking,53,Staphylococcus Aureus 5
staphylococcus_aureus-6,Staphylococcus Aureus 6★,グラム陽性球菌 黄色ブドウ球菌,Chaotic Grape-Picking,53,Staphylococcus Aureus 6
kitamura_motoyasu-5,Kitamura Motoyasu 5★,Kitamura Motoyasu,Fixing the Paradox,53,Kitamura Motoyasu 5
kitamura_motoyasu-6,Kitamura Motoyasu 6★,Spear Hero Kitamura Motoyasu,Fixing the Paradox,53,Kitamura Motoyasu 6
candy_witch-5,Candy Witch 5★,Candy Witch,Be Careful of Sweet Traps!,53,Candy Witch 5
candy_witch-6,Candy Witch 6★,Adhering Desire Candy Witch,Be Careful of Sweet Traps!,53,Candy Witch 6
kamijou_touma-5,Kamijou Touma 5★,Kamijou Touma,Impostor Imagine Breaker,53,Kamijou Touma 5
kamijou_touma-6,Kamijou Touma 6★,Determined Kamijou Touma,Impostor Imagine Breaker,53,Kamijou Touma 6
misaka_10046-5,Misaka 10046 5★,Misaka 10046,Radio Noise on the Road,53,Misaka 10046 5
misaka_10046-6,Misaka 10046 6★,Faulty Electricity Misaka 10046,Radio Noise on the Road,53,Misaka 10046 6
origami_tobiichi-5,Origami Tobiichi 5★,Origami Tobiichi,Another Her,53,Origami Tobiichi 5
origami_tobiichi-6,Origami Tobiichi 6★,Avenging Spirit Origami Tobiichi,Another Her,53,Origami Tobiichi 6
origami_tobiichi-ua,Origami Tobiichi UA,Origami Tobiichi,Another Her,53,Origami Tobiichi UA
techno_pop_luka-5,Techno Pop Megurine Luka 5★,Pure Peach Blossom Megurine Luka,Chance Upon a Keyboard Sound,53,Techno Pop Megurine Luka 5
techno_pop_luka-6,Techno Pop Megurine Luka 6★,Bloomy Vallation Megurine Luka,Chance Upon a Keyboard Sound,53,Techno Pop Megurine Luka 6
classical_kaito-5,Classical Kaito 5★,Blue Lord KAITO,Virtual Classic,53,Classical Kaito 5
classical_kaito-6,Classical Kaito 6★,Turquoise Violin KAITO,Virtual Classic,53,Classical Kaito 6
troy-5,Troy 5★,Troy,Ghost Point Exchange,53,Troy 5
troy-6,Troy 6★,"Troy, Heaven's Warmongress",Ghost Point Exchange,53,Troy 6
magallanica-5,Magallanica 5★,Magallanica,Ghost Point Exchange,53,Magallanica 5
magallanica-6,Magallanic 6★,Onyx Magallanica,Ghost Point Exchange,53,Magallanic 6
nessebar-5,Nessebar 5★,Nessebar,Ghost Point Exchange,53,Nessebar 5
nessebar-6,Nessebar 6★,Azure Thracian Nessebar,Ghost Point Exchange,53,Nessebar 6
lemuria-5,Lemuria 5★,Lemuria,Ghost Point Exchange,53,Lemuria 5
lemuria-6,Lemuria 6★,Ring-tailed Lassie Lemuria,Ghost Point Exchange,53,Lemuria 6
star_piece,Star Piece,Star Piece,Christmas 2017 Quests,99,Star Piece
xmas_date_arsene_lupin,Christmas Date Arsene Lupin,Dark Winter Theif Lupin,Christmas 2017 Quests,53,Christmas Date Arsene Lupin
xmas_date_qilin,Christmas Date Qilin,Dazzling Night Beast Qilin,Christmas 2017 Quests,53,Christmas Date Qilin
xmas_date_odin,Christmas Date Odin,Winter Mech Gentleman Odin,Christmas 2017 Quests,53,Christmas Date Odin
xmas_date_nobunaga_oda,Christmas Date Nobunaga Oda,Hard Road of Love Nobunaga Oda,Christmas 2017 Quests,53,Christmas Date Nobunaga Oda
private_clothes_emilia-5,Private Clothes Emilia 5★,Emilia,White Whale Battle,53,Private Clothes Emilia 5
private_clothes_emilia-6,Private Clothes Emilia 6★,Promised Night Emilia,White Whale Battle,53,Private Clothes Emilia 6
iwatani_naofumi-5,Iwatani Naofumi 5★,Iwatani Naofumi (Everyday Wear),Shield Hero Collab Login,53,Iwatani Naofumi 5
iwatani_naofumi_blue,Blue Iwatani Naofumi,Shield Hero Iwatani Naofumi,Shield Hero Collab Login,53,Blue Iwatani Naofumi
iwatani_naofumi_green,Green Iwatani Naofumi,Leaf Shield Hero Naofumi,Shield Hero Collab Login,53,Green Iwatani Naofumi
iwatani_naofumi_red,Red Iwatani Naofumi,Raging Shield Hero Naofumi,Shield Hero Collab Login,53,Red Iwatani Naofumi
iwatani_naofumi_yellow,Yellow Iwatani Naofumi,Viper Shield Hero Naofumi,Shield Hero Collab Login,35,Yellow Iwatani Naofumi
jiaolong-5,Jiaolong 5★,Stormcaller Jiaolong,Jiaolong Invades!,48,Jiaolong 5
jiaolong-6,Jiaolong 6★,"Lord of 1,000 Rivers Jiaolong",Jiaolong Invades!,48,Jiaolong 6
jiaolong-ua,Jiaolong UA,Leviathan Princess Jiaolong,Jiaolong Invades!,48,Jiaolong UA
jiaolong-uua,Jiaolong UUA,Deep Sea Experiment Jiaolong,Jiaolong Invades!,53,Jiaolong UUA
fahai-5,Fahai 5★,Fahai,Fahai Invades!,48,Fahai 5
fahai-6,Fahai 6★,Shocking Justice Fahai,Fahai Invades!,48,Fahai 6
fahai-ua,Fahai UA,Thundering Divinity Fahai,Fahai Invades!,53,Fahai UA
palais-5,Palais 5★,Floweret Palais,Normal Quests,53,Palais 5
palais-6,Palais 6★,伝号の旧護大隊 パレ,Normal Quests,53,Palais 6
fude_zhengshen_2019-5,Fude Zhengshen 2019 5★,TUDI-190526 福德正神,TW 3rd Anniversary Exchange,53,Fude Zhengshen 2019 5
fude_zhengshen_2019-6,Fude Zhengshen 2019 6★,后土杞護使 福德正神,TW 3rd Anniversary Exchange,53,Fude Zhengshen 2019 6
amaterasu-4,Amaterasu 4★,Amaterasu,Amaterasu Invades!,48,Amaterasu 4
amaterasu-5,Amaterasu 5★,Ruler of the Skies Amaterasu,Amaterasu Invades!,48,Amaterasu 5
amaterasu-6,Amaterasu 6★,"Amaterasu, Reigning Goddess",Amaterasu Invades!,48,Amaterasu 6
amaterasu-ua,Amaterasu UA,Ruler of the Heavens Amaterasu,Amaterasu Invades!,48,Amaterasu UA
azazel-4,Azazel 4★,Azazel,Azazel Invades!,48,Azazel 4
azazel-5,Azazel 5★,Maniacal Azazel,Azazel Invades!,48,Azazel 5
azazel-6,Azazel 6★,Azazel the Evil Destroyer,Azazel Invades!,48,Azazel 6
azazel-ua,Azazel UA,Annihilator Azazel,Azazel Invades!,48,Azazel UA
jeanne-4,Jeanne 4★,Jeanne,Jeanne Invades!,48,Jeanne 4
jeanne-5,Jeanne 5★,Iron-Steed Heroine Jeanne,Jeanne Invades!,48,Jeanne 5
jeanne-6,Jeanne 6★,Battlefield Empress Jeanne,Jeanne Invades!,48,Jeanne 6
jeanne-ua,Jeanne UA,Galloping Leader Jeanne,Jeanne Invades!,48,Jeanne UA
musashi_miyamoto-4,Musashi Miyamoto 4★,Musashi Miyamoto,Musashi Miyamoto Invades!,48,Musashi Miyamoto 4
musashi_miyamoto-5,Musashi Miyamoto 5★,Sword Whisperer Musashi,Musashi Miyamoto Invades!,48,Musashi Miyamoto 5
musashi_miyamoto-6,Musashi Miyamoto 6★,Ultimate Dueler Musashi Miyamoto,Musashi Miyamoto Invades!,48,Musashi Miyamoto 6
musashi_miyamoto-ua,Musashi Miyamoto UA,Adept Sword Musashi Miyamoto,Musashi Miyamoto Invades!,48,Musashi Miyamoto UA
oz-4,Oz 4★,Oz,Oz Invades!,48,Oz 4
oz-5,Oz 5★,Grand Illusionist Oz,Oz Invades!,48,Oz 5
oz-6,Oz 6★,"Oz, the Great Void",Oz Invades!,48,Oz 6
oz-ua,Oz UA,Master of Illusion Oz,Oz Invades!,48,Oz UA
arthur-4,Arthur 4★,Arthur,Arthur Invades!,48,Arthur 4
arthur-5,Arthur 5★,Tyrant Knight Arthur,Arthur Invades!,48,Arthur 5
arthur-6,Arthur 6★,Vile Bishop Arthur,Arthur Invades!,48,Arthur 6
arthur-ua,Arthur UA,Sovereign Rook Arthur,Arthur Invades!,48,Arthur UA
grimm-4,Grimm 4★,Grimm,Grimm Invades!,48,Grimm 4
grimm-5,Grimm 5★,Shadow of Reaped Souls Grimm,Grimm Invades!,48,Grimm 5
grimm-6,Grimm 6★,"Grimm, Collector of Souls",Grimm Invades!,48,Grimm 6
grimm-ua,Grimm UA,Collection War Grimm,Grimm Invades!,48,Grimm UA
g-star_children-4,G-Star Children 4★,G-Star Children,G-Star Children Invade!,48,G-Star Children 4
g-star_children-5,G-Star Children 5★,Pure Malice G-Star Children,G-Star Children Invade!,48,G-Star Children 5
g-star_children-6,G-Star Children 6★,"G-Star Children, the Evil Union",G-Star Children Invade!,48,G-Star Children 6
g-star_children-ua,G-Star Children UA,Universal Malice G-Star Children,G-Star Children Invade!,48,G-Star Children UA
hugin_munin-4,Hugin & Munin 4★,Hugin & Munin,Hugin & Munin Invade!,48,Hugin & Munin 4
hugin_munin-5,Hugin & Munin 5★,Raven Duo Hugin & Munin,Hugin & Munin Invade!,48,Hugin & Munin 5
hugin_munin-6,Hugin & Munin 6★,"Hugin & Munin, Ultimate Wings",Hugin & Munin Invade!,48,Hugin & Munin 6
freyr-4,Freyr 4★,Freyr,Freyr Invades!,48,Freyr 4
freyr-5,Freyr 5★,Fertility Emperor Freyr,Freyr Invades!,48,Freyr 5
freyr-6,Freyr 6★,Crimson Fertility God Freyr,Freyr Invades!,48,Freyr 6
yomi-4,Yomi 4★,"Yomi, the Shuten-Doji",Yomi Invades!,48,Yomi 4
yomi-5,Yomi 5★,"Yomi, the Raging Oni",Yomi Invades!,48,Yomi 5
yomi-6,Yomi 6★,"Yomi, the Mad Oni God",Yomi Invades!,48,Yomi 6
shoki-4,Shoki 4★,Shoki the Nurarihyon,Shoki Invades!,48,Shoki 4
shoki-5,Shoki 5★,Youkai General Shoki,Shoki Invades!,48,Shoki 5
shoki-6,Shoki 6★,"Shoki, Lord of a Thousand Oni",Shoki Invades!,48,Shoki 6
shiva-4,Shiva 4★,Shiva,Shiva Invades!,48,Shiva 4
shiva-5,Shiva 5★,"Shiva, Judge of Ruin",Shiva Invades!,48,Shiva 5
shiva-6,Shiva 6★,"Shiva, Judge of Annihilation",Shiva Invades!,48,Shiva 6
kama-4,Kama 4★,Kama,Kama Invades!,48,Kama 4
kama-5,Kama 5★,"Kama, Deity of Love",Kama Invades!,48,Kama 5
kama-6,Kama 6★,"Kama, the Love Archer",Kama Invades!,48,Kama 6
gareth-4,Gareth 4★,Gareth,Gareth Invades!,48,Gareth 4
gareth-5,Gareth 5★,"Gareth, the Pure White Twinblade",Gareth Invades!,48,Gareth 5
gareth-6,Gareth 6★,Mad Sword Performer Gareth,Gareth Invades!,48,Gareth 6
shingen_takeda-5,Shingen Takeda 5★,Shingen Takeda,Shingen Takeda Invades!,48,Shingen Takeda 5
shingen_takeda-6,Shingen Takeda 6★,"Shingen Takeda, Calm Daredevil",Shingen Takeda Invades!,48,Shingen Takeda 6
beelzebub-5,Beelzebub 5★,Beelzebub,Beelzebub Invades!,48,Beelzebub 5
beelzebub-6,Beelzebub 6★,Lord of Flies Beelzebub,Beelzebub Invades!,48,Beelzebub 6
xena-5,Xena 5★,Wish-granting Lantern Xena,Xena Invades!,48,Xena 5
xena-6,Xena 6★,Giant Blue Lantern Xena,Xena Invades!,48,Xena 6
typhon-5,Typhon 5★,Typhon,Typhon Invades!,48,Typhon 5
typhon-6,Typhon 6★,"Typhon, War God of Destruction",Typhon Invades!,48,Typhon 6
louis_xvi-5,Louis XVI 5★,Louis XVI,Louis XVI Invades!,48,Louis XVI 5
louis_xvi-6,Louis XVI 6★,Tempering King Louis XVI,Louis XVI Invades!,48,Louis XVI 6
osiris-5,Osiris 5★,Osiris,Osiris Invades!,48,Osiris 5
osiris-6,Osiris 6★,Risen Deity Osiris,Osiris Invades!,48,Osiris 6
benkei_musashibo-5,Benkei Musashibo 5★,Benkei Musashibo,Benkei Musashibo Invades!,48,Benkei Musashibo 5
benkei_musashibo-6,Benkei Musashibo 6★,Ferocious Monk Benkei Musashibo,Benkei Musashibo Invades!,48,Benkei Musashibo 6
tiamat-5,Tiamat 5★,Tiamat,Tiamat Invades!,48,Tiamat 5
tiamat-6,Tiamat 6★,Splashing Chaos Tiamat,Tiamat Invades!,48,Tiamat 6
michelangelo-5,Michelangelo 5★,Michelangelo,Michelangelo Invades!,48,Michelangelo 5
michelangelo-6,Michelangelo 6★,Dawn of Destruction Michelangelo,Michelangelo Invades!,48,Michelangelo 6
atlas-5,Atlas 5★,Atlas,Atlas Invades!,48,Atlas 5
atlas-6,Atlas 6★,Ultimate Muscle Atlas,Atlas Invades!,48,Atlas 6
colchis-5,Colchis 5★,Colchis,Colchis Invades!,48,Colchis 5
colchis-6,Colchis 6★,Astral Sheep Colchis,Colchis Invades!,48,Colchis 6
lupica-5,Lupica 5★,Lupica,Lupica Invades!,48,Lupica 5
lupica-6,Lupica 6★,Imaginative Destroyer Lupica,Lupica Invades!,48,Lupica 6
eris-5,Eris 5★,Eris,Eris Invades!,48,Eris 5
eris-6,Eris 6★,Wild Calamity Eris,Eris Invades!,48,Eris 6
cascade-5,Cascade 5★,Cascade,Cascade Invades!,48,Cascade 5
cascade-6,Cascade 6★,"Cascade, the Crushing Waterfall",Cascade Invades!,48,Cascade 6
dong_zhuo-5,Dong Zhuo 5★,Dong Zhuo,Dong Zhuo Invades!,48,Dong Zhuo 5
dong_zhuo-6,Dong Zhuo 6★,Insane Prejudice Dong Zhuo,Dong Zhuo Invades!,48,Dong Zhuo 6
diaochan-5,Diaochan 5★,Diaochan,Diaochan Invades!,48,Diaochan 5
diaochan-6,Diaochan 6★,Dazzling Charmer Diaochan,Diaochan Invades!,48,Diaochan 6
athena-5,Athena 5★,Athena,Athena Invades!,48,Athena 5
athena-6,Athena 6★,Astute Ascension Athena,Athena Invades!,48,Athena 6
kali-5,Kali 5★,Kali,Kali Invades!,48,Kali 5
kali-6,Kali 6★,Dark Destroyer Kali,Kali Invades!,48,Kali 6
brahma-5,Brahma 5★,Brahma,Brahma Invades!,48,Brahma 5
brahma-6,Brahma 6★,Hoarder of Knowledge Brahma,Brahma Invades!,48,Brahma 6
uranus-5,Uranus 5★,Uranus,Uranus Invades!,48,Uranus 5
uranus-6,Uranus 6★,Planetary Shaper Uranus,Uranus Invades!,48,Uranus 6
delphyne-5,Delphyne 5★,Delphyne,Delphyne Invades!,48,Delphyne 5
delphyne-6,Delphyne 6★,Scaled Princess Delphyne,Delphyne Invades!,48,Delphyne 6
osamu_dazai-5,Osamu Dazai 5★,Osamu Dazai,Osamu Dazai Invades!,48,Osamu Dazai 5
osamu_dazai-6,Osamu Dazai 6★,Disqualified Osamu Dazai,Osamu Dazai Invades!,48,Osamu Dazai 6
shakespeare-5,Shakespeare 5★,Shakespeare,Shakespeare Invades!,48,Shakespeare 5
shakespeare-6,Shakespeare 6★,Tragic Lover Shakespeare,Shakespeare Invades!,48,Shakespeare 6
hanbei_takenaka-5,Hanbei Takenaka 5★,Hanbei Takenaka,Hanbei Takenaka Invades!,48,Hanbei Takenaka 5
hanbei_takenaka-6,Hanbei Takenaka 6★,Silver Tongue Hanbei Takenaka,Hanbei Takenaka Invades!,48,Hanbei Takenaka 6
hel-5,Hel 5★,Hel,Hel Invades!,48,Hel 5
hel-6,Hel 6★,Fledgling Demoness Hel,Hel Invades!,48,Hel 6
wakahirume-5,Wakahirume 5★,Wakahirume,Wakahirume Invades!,48,Wakahirume 5
wakahirume-6,Wakahirume 6★,Mystical Garments Wakahirume,Wakahirume Invades!,48,Wakahirume 6
jekyll_hyde-5,Jekyll & Hyde 5★,Jekyll & Hyde,Jekyll & Hyde Invades!,48,Jekyll & Hyde 5
jekyll_hyde-6,Jekyll & Hyde 6★,Abnormal Impulse Jekyll & Hyde,Jekyll & Hyde Invades!,48,Jekyll & Hyde 6
hanzo_hattori-5,Hanzo Hattori 5★,Hanzo Hattori,Hanzo Hattori Invades!,48,Hanzo Hattori 5
hanzo_hattori-6,Hanzo Hattori 6★,Silent Assassin Hanzo Hattori,Hanzo Hattori Invades!,48,Hanzo Hattori 6
zenobia-5,Zenobia 5★,Zenobia,Zenobia Invades!,48,Zenobia 5
zenobia-6,Zenobia 6★,Cunning Warrior Zenobia,Zenobia Invades!,48,Zenobia 6
fiend_w_20_faces-5,The Fiend with 20 Faces 5★,The Fiend with 20 Faces,The Fiend with 20 Faces Invades!,48,The Fiend with 20 Faces 5
fiend_w_20_faces-6,The Fiend with 20 Faces 6★,Intrepid Thief of 20 Faces,The Fiend with 20 Faces Invades!,48,The Fiend with 20 Faces 6
sun_wukong-5,Sun Wukong 5★,Lord of Mt. Huaguo Sun Wukong,Sun Wukong Invades!,48,Sun Wukong 5
sun_wukong-6,Sun Wukong 6★,Majesty of Mt. Huaguo Sun Wukong,Sun Wukong Invades!,48,Sun Wukong 6
sun_wukong-ua,Sun Wukong UA,Divine Monkey King Sun Wukong,Sun Wukong Invades!,48,Sun Wukong UA
yue_lao-5,Yue Lao 5★,"Yue Lao, Swordsman of Love",Yue Lao Invades!,48,Yue Lao 5
yue_lao-6,Yue Lao 6★,"Yue Lao, Binder of Romance",Yue Lao Invades!,48,Yue Lao 6
yue_lao-ua,Yue Lao UA,Pulverizing Blade Yue Lao,Yue Lao Invades!,48,Yue Lao UA
ox-head_horse-face-5,Ox-Head and Horse-Face 5★,Ox-Head and Horse-Face,Ox-Head and Horse-Face Invades!,48,Ox-Head and Horse-Face 5
ox-head_horse-face-6,Ox-Head and Horse-Face 6★,Stalker Ox-Head and Horse-Face,Ox-Head and Horse-Face Invades!,48,Ox-Head and Horse-Face 6
lan_caihe-5,Lan Caihe 5★,Lan Caihe,Lan Caihe Invades!,48,Lan Caihe 5
lan_caihe-6,Lan Caihe 6★,Simple and Innocent Lan Caihe,Lan Caihe Invades!,48,Lan Caihe 6
zhang_guolao-5,Zhang Guolao 5★,Zhang Guolao,Zhang Guolao Invades!,48,Zhang Guolao 5
zhang_guolao-6,Zhang Guolao 6★,Miracle Alchemist Zhang Guolao,Zhang Guolao Invades!,48,Zhang Guolao 6
cao_guojiu-5,Cao Guojiu 5★,Cao Guojiu,Cao Guojiu Invades!,48,Cao Guojiu 5
cao_guojiu-6,Cao Guojiu 6★,Noble Sage Cao Guojiu,Cao Guojiu Invades!,48,Cao Guojiu 6
zhongli_quan-5,Zhongli Quan 5★,Zhongli Quan,Zhongli Quan Invades!,48,Zhongli Quan 5
zhongli_quan-6,Zhongli Quan 6★,House Patrolman Zhongli Quan,Zhongli Quan Invades!,48,Zhongli Quan 6
hong_gui-5,Hong Gui 5★,Hong Gui,Hong Gui Invades!,48,Hong Gui 5
hong_gui-6,Hong Gui 6★,Giant Flaming Cannon Hong Gui,Hong Gui Invades!,48,Hong Gui 6
ji_chang-5,Ji Chang 5★,Ji Chang,Ji Chang Invades!,48,Ji Chang 5
ji_chang-6,Ji Chang 6★,Quick Striker Ji Chang,Ji Chang Invades!,48,Ji Chang 6
naga-5,Naga 5★,Moonlit Woe Weaver Naga,Naga Invades!,48,Naga 5
naga-6,Naga 6★,Abyssal Jade Naga,Naga Invades!,48,Naga 6
hellsing-5,Hellsing 5★,Universal Researcher Hellsing,Hellsing Invades!,48,Hellsing 5
hellsing-6,Hellsing 6★,Universal Collector Hellsing,Hellsing Invades!,48,Hellsing 6
antoine-5,Antoine 5★,Antoine Le Pilote,Antoine Invades!,48,Antoine 5
antoine-6,Antoine 6★,Ace Antoine Le Pilote,Antoine Invades!,48,Antoine 6
colossus-5,Colossus 5★,Colossus,Colossus Invades!,48,Colossus 5
colossus-6,Colossus 6★,Unshakable Pyre Colossus,Colossus Invades!,48,Colossus 6
nightgaunt-5,Nightgaunt 5★,Nightgaunt,Nightgaunt Invades!,48,Nightgaunt 5
nightgaunt-6,Nightgaunt 6★,Ruler of the Dark Nightgaunt,Nightgaunt Invades!,48,Nightgaunt 6
mongryeong-5,Mongryeong 5★,Mongryeong,Mongryeong Invades!,48,Mongryeong 5
mongryeong-6,Mongryeong 6★,Illusive Scion M. Dragon,Mongryeong Invades!,48,Mongryeong 6
jeon_woochi-5,Jeon Woochi 5★,Jeon Woochi,Jeon Woochi Invades!,48,Jeon Woochi 5
jeon_woochi-6,Jeon Woochi 6★,Self-Proclaimed Savior Jeon,Jeon Woochi Invades!,48,Jeon Woochi 6
hongryeon-5,Hongryeon 5★,Hongryeon,Hongryeon Invades!,48,Hongryeon 5
hongryeon-6,Hongryeon 6★,Sad Eroded Flower Hongryeon,Hongryeon Invades!,48,Hongryeon 6
gyebaek-5,Gyebaek 5★,Gyebaek,Gyebaek Invades!,48,Gyebaek 5
gyebaek-6,Gyebaek 6★,Iron Wall Protector Gyebaek,Gyebaek Invades!,48,Gyebaek 6
paper-5,Paper 5★,Wisdom Filled Paper,Paper Invades!,48,Paper 5
paper-6,Paper 6★,Culture Promoter Paper,Paper Invades!,48,Paper 6
movable_type-5,Movable Type 5★,Culture Record Movable Type,Movable Type Invades!,48,Movable Type 5
movable_type-6,Movable Type 6★,Wise Glyph Movable Type,Movable Type Invades!,48,Movable Type 6
gunpowder-5,Gunpowder 5★,Military Revolution Gunpowder,Gunpowder Invades!,48,Gunpowder 5
gunpowder-6,Gunpowder 6★,Celebratory Smoke Gunpowder,Gunpowder Invades!,48,Gunpowder 6
compass-5,Compass 5★,Forward Pointing Compass,Compass Invades!,48,Compass 5
compass-6,Compass 6★,Historical Magnetism Compass,Compass Invades!,48,Compass 6
kanbei-3,Kanbei 3★,Kanbei,New Year's Eve Ritual,48,Kanbei 3
kanbei-4,Kanbei 4★,Stag Slasher Kanbei,New Year's Eve Ritual,48,Kanbei 4
kanbei-5,Kanbei 5★,Gracious Ambitions Kanbei,New Year's Eve Ritual,48,Kanbei 5
kanbei-6,Kanbei 6★,Splendiferous Stag Kanbei,New Year's Eve Ritual,48,Kanbei 6
hikoboshi-5,Hikoboshi 5★,Hikoboshi,Hikoboshi Invades!,48,Hikoboshi 5
hikoboshi-6,Hikoboshi 6★,Love Hunter Hikoboshi,Hikoboshi Invades!,48,Hikoboshi 6
summer_qilin-5,Summer Qilin 5★,Summer Beast Qilin,Summer ★ Invades!,48,Summer Qilin 5
summer_qilin-6,Summer Qilin 6★,Hot Summer Qilin,Summer ★ Invades!,48,Summer Qilin 6
dolce-5,Dolce 5★,Dolce,Halloween Night Panic,48,Dolce 5
dolce-6,Dolce 6★,Twilight Imp Dolce,Halloween Night Panic,48,Dolce 6
spur-5,Spur 5★,Machine Spur,O Come All Ye Powerful,48,Spur 5
spur-6,Spur 6★,Glacial Magic Spur,O Come All Ye Powerful,48,Spur 6
paula_danny-5,Paula and Danny 5★,Paula and Danny,Paula and Danny Invade!,48,Paula and Danny 5
paula_danny-6,Paula and Danny 6★,2x Autocannon Paula and Danny,Paula and Danny Invade!,48,Paula and Danny 6
totori-5,Totori 5★,Totori,Start the Year of the Rooster with an egg,48,Totori 5
totori-6,Totori 6★,Maiden Flight Totori,Start the Year of the Rooster with an egg,48,Totori 6
white_day_grimm-5,White Day Grimm 5★,Grimm the Dandy,Send my Love to Her!,48,White Day Grimm 5
white_day_grimm-6,White Day Grimm 6★,Soul Seeker Grimm the Dandy,Send my Love to Her!,48,White Day Grimm 6
yoshino-5,Yoshino 5★,Yoshino,Spring Calls to You,48,Yoshino 5
yoshino-6,Yoshino 6★,Blossom Dreamer Yoshino,Spring Calls to You,48,Yoshino 6
skulz-5,Skulz 5★,Skulz,Skulz Invades!,48,Skulz 5
skulz-6,Skulz 6★,Vengeful Vestige Skulz,Skulz Invades!,48,Skulz 6
hellraiser-5,Hellraiser 5★,Hellraiser,Hellraiser Invades!,48,Hellraiser 5
hellraiser-6,Hellraiser 6★,Evil Executor Hellraiser,Hellraiser Invades!,48,Hellraiser 6
bride_amaterasu-6,Bride Amaterasu 6★,Sublime Wedding Amaterasu,Pure White Halo Dress,48,Bride Amaterasu 6
bride_amaterasu-ua,Bride Amaterasu UA,Joyous Ruler Amaterasu,Pure White Halo Dress,48,Bride Amaterasu UA
garnet-6,Garnet 6★,Driving Opportunist Garnet,Chainsaw Wedding Present,48,Garnet 6
garnet-ua,Garnet UA,Fiery Bride Garnet,Chainsaw Wedding Present,48,Garnet UA
miracle_happy-5,Miracle Happy 5★,Miracle Happy,Peace & Happiness!,48,Miracle Happy 5
miracle_happy-6,Miracle Happy 6★,Super★Miracle Happy,Peace & Happiness!,48,Miracle Happy 6
erwin-5,Erwin 5★,Erwin,Free Celebration,48,Erwin 5
erwin-6,Erwin 6★,AI Processor Erwin,Free Celebration,48,Erwin 6
phi-5,Phi 5★,Phi,Innocent Operetta,48,Phi 5
phi-6,Phi 6★,AI Attendant Phi,Innocent Operetta,48,Phi 6
s_f_hanbei_takenaka-5,School Festival Hanbei Takenaka 5★,High Jump Hanbei Takenaka,Final Dash,48,School Festival Hanbei Takenaka 5
s_f_hanbei_takenaka-6,School Festival Hanbei Takenaka 6★,Hurdling Hanbei Takenaka,Final Dash,48,School Festival Hanbei Takenaka 6
legato-5,Legato 5★,Explosive Melody Legato,Red Hot Concert,48,Legato 5
legato-6,Legato 6★,Frenzied Rhythm Legato,Red Hot Concert,48,Legato 6
cabir-5,Cabir 5★,Cabir,Cabir Invades!,48,Cabir 5
cabir-6,Cabir 6★,Eternal Demonic Laughter Cabir,Cabir Invades!,48,Cabir 6
kevin_nikita-5,Kevin & Nikita 5★,Kevin & Nikita,Forever Friends,48,Kevin & Nikita 5
kevin_nikita-6,Kevin & Nikita 6★,Beast Siblings Kevin & Nikita,Forever Friends,48,Kevin & Nikita 6
poirot-5,Poirot 5★,Poirot,Secrets of Kiddy Land,48,Poirot 5
poirot-6,Poirot 6★,Perceptive Sleuth Poirot,Secrets of Kiddy Land,48,Poirot 6
ibaraki-doji-5,Ibaraki-doji 5★,Ibaraki-doji,Echoing Warcry Rashomon,48,Ibaraki-doji 5
ibaraki-doji-6,Ibaraki-doji 6★,Thundering Demon Ibaraki-doji,Echoing Warcry Rashomon,48,Ibaraki-doji 6
fallen_uriel-5,Fallen Uriel 5★,Angel of the Fallen Uriel F'All,Dark Flame Angel,48,Fallen Uriel 5
fallen_uriel-6,Fallen Uriel 6★,Darkflame Angel Uriel Siseid,Dark Flame Angel,48,Fallen Uriel 6
fallen_gabrielle-5,Fallen Gabrielle 5★,Angel of Descent Gabrielle F'All,Black Angel Beauty,48,Fallen Gabrielle 5
fallen_gabrielle-6,Fallen Gabrielle 6★,Blackblossom Angel Gabrielle Drei,Black Angel Beauty,48,Fallen Gabrielle 6
jerry_mech_joe-5,Jerry Mech Joe 5★,ジョー＆仲良しフレンズ,Awesome! Jerry Robot,48,Jerry Mech Joe 5
jerry_mech_joe-normal,Jerry Mech Joe 6★ Normal,楽戦巨機 ジョー＆仲良しフレンズ,Awesome! Jerry Robot,48,Jerry Mech Joe 6 Normal
jerry_mech_joe-drill,Jerry Mech Joe 6★ Drill,削戦巨機 ジョー＆仲良しフレンズ,Awesome! Jerry Robot,48,Jerry Mech Joe 6 Drill
jerry_mech_joe-buster,Jerry Mech Joe 6★ Buster,砲戦巨機 ジョー＆仲良しフレンズ,Awesome! Jerry Robot,48,Jerry Mech Joe 6 Buster
dormouse-5,Dormouse 5★,予選ターゲットD,Preliminary Target D,48,Dormouse 5
dormouse-6,Dormouse 6★,変新醒 眠りネズミ,Preliminary Target D,48,Dormouse 6
akiko_yosano-5,Akiko Yosano 5★,与謝野晶子,In Regards to Love,48,Akiko Yosano 5
akiko_yosano-6,Akiko Yosano 6★,恋詠の逢女 与謝野晶子,In Regards to Love,48,Akiko Yosano 6
hallucigenia-5,Hallucigenia 5★,古の棘虐 ハルキゲニア,Sadistic Spines of Laughter,48,Hallucigenia 5
hallucigenia-6,Hallucigenia 6★,禍触的棘虐 ハルキゲニア,Sadistic Spines of Laughter,48,Hallucigenia 6
isekai_baphomet-5,Isekai Baphomet 5★,抗鎖の獣拳 バフォメット,Prideful Beast,48,Isekai Baphomet 5
isekai_baphomet-6,Isekai Baphoemt 6★,壊鎖の獣爆拳 バフォメット,Prideful Beast,48,Isekai Baphoemt 6
kumagusu-5,Kumagusu 5★,クマグス,Apostle of the Brain,48,Kumagusu 5
kumagusu-6,Kumagusu 6★,致酔の完棲者 クマグス,Apostle of the Brain,48,Kumagusu 6
idol_pati_praline-5,Idol Pati & Praline 5★,誓の競想歌 パティ＆プラリーヌ,This Feeling to You Half & Half,48,Idol Pati & Praline 5
idol_pati_praline-6,Idol Pati & Praline 6★,愛の甘倍演 パティ＆プラリーヌ,This Feeling to You Half & Half,48,Idol Pati & Praline 6
idol_pati_praline-ua,Idol Pati & Praline UA,深愛の甘倍演 パティ＆プラリーヌ,This Feeling to You Half & Half,48,Idol Pati & Praline UA
nian_beast-5,Nian Beast 5★,Nian Beast,Take back the New Year's Gift,48,Nian Beast 5
nian_beast-6,Nian Beast 6★,Disaster Nian Beast,Take back the New Year's Gift,48,Nian Beast 6
crystal_nian_beast-5,Crystal Nian Beast 5★,Crystal Nian Beast,New Year's Descent Quest,48,Crystal Nian Beast 5
crystal_nian_beast-6,Crystal Nian Beast 6★,Unidentified Crystal Nian Beast,New Year's Descent Quest,48,Crystal Nian Beast 6
columbus-5,Columbus 5★,New World Disorder Columbus,Columbus Invades!,48,Columbus 5
columbus-6,Columbus 6★,Violent Caravel Clash Columbus,Columbus Invades!,48,Columbus 6
qin_dragon_boat-5,QIN Dragon Boat 5★,QIN Dragon Boat Fleet Girl,Dragon Boat Girl Invades!,48,QIN Dragon Boat 5
qin_dragon_boat-6,QIN Dragon Boat 6★,QIN Dragon Boat Fleet Girl Kai,Dragon Boat Girl Invades!,48,QIN Dragon Boat 6
hatsune_miku_v3-4,Hatsune Miku V3 4★,Hatsune Miku V3,Sing it! Hatsune Miku V3,48,Hatsune Miku V3 4
hatsune_miku_v3-5,Hatsune Miku V3 5★,New Era Hatsune Miku V3,Sing it! Hatsune Miku V3,48,Hatsune Miku V3 5
hatsune_miku_v3-6,Hatsune Miku V3 6★,Awakened Hatsune Miku V3,Sing it! Hatsune Miku V3,48,Hatsune Miku V3 6
izaya_orihara-5,Izaya Orihara 5★,折原臨也,Izaya Orihara Invades!,48,Izaya Orihara 5
izaya_orihara-6,Izaya Orihara 6★,謀略の情報屋 折原臨也,Izaya Orihara Invades!,48,Izaya Orihara 6
anri_sonohara-5,Anri Sonohara 5★,園原杏里,Anri Sonohara Invades!,48,Anri Sonohara 5
anri_sonohara-6,Anri Sonohara 6★,依存の母愛 園原杏里,Anri Sonohara Invades!,48,Anri Sonohara 6
sanrio_azazel-5,Sanrio Azazel 5★,楽園からの帰還 アザゼル,I love Sanrio~♪,48,Sanrio Azazel 5
sanrio_azazel-6,Sanrio Azazel 6★,桃源郷での大宴会 アザゼル,I love Sanrio~♪,48,Sanrio Azazel 6
colossal_titan-5,Colossal Titan 5★,超大型巨人,Colossal Titan Invades!,48,Colossal Titan 5
colossal_titan-6,Colossal Titan 6★,猛熱の災厄 超大型巨人,Colossal Titan Invades!,48,Colossal Titan 6
snow_miku_2017-5,Snow Miku 2017 5★,Snow Miku 2017,Starry Sky Diva,48,Snow Miku 2017 5
snow_miku_2017-6,Snow Miku 2017 6★,Starry Sky Diva Snow Miku 2017,Starry Sky Diva,48,Snow Miku 2017 6
kaito_hamelin-5,Kaito Cosplay Hamelin 5★,Rodent Romancer Hamelin,Electroconcerto,48,Kaito Cosplay Hamelin 5
kaito_hamelin-6,Kaito Cosplay Hamelin 6★,Roving Maestro Hamelin,Electroconcerto,48,Kaito Cosplay Hamelin 6
rin_inaba-5,Rin Cosplay Inaba 5★,Heavenly Note Inaba,"Run, run! ALICE GP",48,Rin Cosplay Inaba 5
rin_inaba-6,Rin Cosplay Inaba 6★,Modulated Note Inaba,"Run, run! ALICE GP",48,Rin Cosplay Inaba 6
miku_murasaki_shikibu-5,Miku Cosplay Murasaki Shikibu 5★,Chic Songstress Murasaki Shikibu,Secret Event Spy Mission,48,Miku Cosplay Murasaki Shikibu 5
miku_murasaki_shikibu-6,Miku Cosplay Murasaki Shikibu 6★,Uber Songstress Murasaki Shikibu,Secret Event Spy Mission,48,Miku Cosplay Murasaki Shikibu 6
valkyrie_cat-4,Valkyrie Cat 4★,Valkyrie Cat,Cat Army Invasion!,48,Valkyrie Cat 4
valkyrie_cat-5,Valkyrie Cat 5★,True Valkyrie Cat,Cat Army Invasion!,48,Valkyrie Cat 5
valkyrie_cat-6,Valkyrie Cat 6★,Holy Valkyrie Cat,Cat Army Invasion!,48,Valkyrie Cat 6
bahamut_cat-5,Bahamut Cat 5★,Bahamut Cat,Bahamut Cat Invades!,48,Bahamut Cat 5
bahamut_cat-6,Bahamut Cat 6★,Crazed Bahamut Cat,Bahamut Cat Invades!,48,Bahamut Cat 6
scar-5,Scar 5★,Scar,Scar Invades!,48,Scar 5
scar-6,Scar 6★,The Scarred Man Scar,Scar Invades!,48,Scar 6
ryuji_yamazaki-4,Ryuji Yamazaki 4★,Ryuji Yamazaki,Left-Handed Hysteria,48,Ryuji Yamazaki 4
ryuji_yamazaki-5,Ryuji Yamazaki 5★,Psychopath Killer Ryuji,Left-Handed Hysteria,48,Ryuji Yamazaki 5
ryuji_yamazaki-6,Ryuji Yamazaki 6★,Super Evil Fiend Ryuji,Left-Handed Hysteria,48,Ryuji Yamazaki 6
kim_kaphwan-5,Kim Kaphwan 5★,Kim Kaphwan,Kim's Rehab Trial,48,Kim Kaphwan 5
kim_kaphwan-6,Kim Kaphwan 6★,Crown Jewel of Taekwondo Kim,Kim's Rehab Trial,48,Kim Kaphwan 6
chris-5,Chris 5★,Chris,A Cocoon to a Butterfly,48,Chris 5
chris-6,Chris 6★,Innocent Kaleidoscope Chris,A Cocoon to a Butterfly,48,Chris 6
chris-ua,Chris UA,Orochi Chris,A Cocoon to a Butterfly,48,Chris UA
snow_miku_2018-5,Snow Miku 2018 5★,Snow Miku 2018,Shrine Maiden Diva,48,Snow Miku 2018 5
snow_miku_2018-6,Snow Miku 2018 6★,Winter Shroud Snow Miku 2018,Shrine Maiden Diva,48,Snow Miku 2018 6
azazel_kaito-5,Azazel Cosplay Kaito 5★,Blue Note Performer KAITO,Unleash the Flurry Limits!,48,Azazel Cosplay Kaito 5
azazel_kaito-6,Azazel Cosplay Kaito 6★,Blue Sky Performer KAITO,Unleash the Flurry Limits!,48,Azazel Cosplay Kaito 6
vibrio_enteritis-5,Vibrio Enteritis 5★,腸炎ビブリオ,Mycosis Cleanup in the Intestines,48,Vibrio Enteritis 5
vibrio_enteritis-6,Vibrio Enteritis 6★,好塩菌 腸炎ビブリオ,Mycosis Cleanup in the Intestines,48,Vibrio Enteritis 6
dragon_zombie-5,Dragon Zombie 5★,Dragon Zombie,Dragon Corpse's Stench,48,Dragon Zombie 5
dragon_zombie-6,Dragon Zombie 6★,Rotting Dragon Zombie,Dragon Corpse's Stench,48,Dragon Zombie 6
rose_garden_witch-5,Rose Garden Witch 5★,Rose Garden Witch,Every Rose Has its Thorn,48,Rose Garden Witch 5
rose_garden_witch-6,Rose Garden Witch 6★,Suspicious Barrier Rose Witch,Every Rose Has its Thorn,48,Rose Garden Witch 6
lessar-5,Lessar 5★,Lessar,Sexy Little Devil,48,Lessar 5
lessar-6,Lessar 6★,Devil of New Light Lessar,Sexy Little Devil,48,Lessar 6
natsumi-5,Natsumi 5★,Natsumi,The 7th Spirit,48,Natsumi 5
natsumi-6,Natsumi 6★,Inferiority Complex Natsumi,The 7th Spirit,48,Natsumi 6
natsumi-ua,Natsumi UA,Natsumi,The 7th Spirit,48,Natsumi UA
terabell-4,Terabell 4★,Terabell,Death to the Beast!,48,Terabell 4
terabell-5,Terabell 5★,Explosive Enthusiast Terabell,Death to the Beast!,48,Terabell 5
terabell-6,Terabell 6★,Explosive Princess Terabell,Death to the Beast!,48,Terabell 6
urashima-4,Urashima 4★,Urashima,Battle for Ryugujo,48,Urashima 4
urashima-5,Urashima 5★,Palace Hacker Urashima,Battle for Ryugujo,48,Urashima 5
urashima-6,Urashima 6★,Decaying Genius Urashima,Battle for Ryugujo,48,Urashima 6
kaede-4,Kaede 4★,Kaede,Thumbs in the Air!,48,Kaede 4
kaede-5,Kaede 5★,Graffiti Rebel Kaede,Thumbs in the Air!,48,Kaede 5
kaede-6,Kaede 6★,Artistic Outlaw Kaede,Thumbs in the Air!,48,Kaede 6
silvere-4,Silvere 4★,Sleight-of-Hand Silvere,The Sadistic Sorcerer,48,Silvere 4
silvere-5,Silvere 5★,Sorcerer's Circle Silvere,The Sadistic Sorcerer,48,Silvere 5
silvere-6,Silvere 6★,Magic Stage Silvere,The Sadistic Sorcerer,48,Silvere 6
ja_ridalsa-4,Ja Ridalsa 4★,Ja Ridalsa,Paranoia Art,48,Ja Ridalsa 4
ja_ridalsa-5,Ja Ridalsa 5★,Realist Prodigy Ja Ridalsa,Paranoia Art,48,Ja Ridalsa 5
ja_ridalsa-6,Ja Ridalsa 6★,Mysterious Virtuoso Ja Ridalsa,Paranoia Art,48,Ja Ridalsa 6
nasu_no_yoichi-4,Nasu no Yoichi 4★,Nasu no Yoichi,Zero-One Game,48,Nasu no Yoichi 4
nasu_no_yoichi-5,Nasu no Yoichi 5★,"Eagle-Eyed Aim, Nasu no Yoichi",Zero-One Game,48,Nasu no Yoichi 5
nasu_no_yoichi-6,Nasu no Yoichi 6★,Loyal Arrow Soul Nasu no Yoichi,Zero-One Game,48,Nasu no Yoichi 6
ranmaru_mori-4,Ranmaru Mori 4★,Ranmaru Mori,The Lord's Right-Hand Man,48,Ranmaru Mori 4
ranmaru_mori-5,Ranmaru Mori 5★,"Ranmaru Mori, the Budding Heart",The Lord's Right-Hand Man,48,Ranmaru Mori 5
ranmaru_mori-6,Ranmaru Mori 6★,Evil Awakening Ranmaru Mori,The Lord's Right-Hand Man,48,Ranmaru Mori 6
leedsichthys-4,Leedsichthys 4★,Leedsichthys,Glutton for Punishment,48,Leedsichthys 4
leedsichthys-5,Leedsichthys 5★,Ancient Glutton Leedsichthys,Glutton for Punishment,48,Leedsichthys 5
leedsichthys-6,Leedsichthys 6★,Destructive Hunger Leedsichthys,Glutton for Punishment,48,Leedsichthys 6
anastasia-4,Anastasia 4★,Anastasia,Hand Over that Glass Slipper!,48,Anastasia 4
anastasia-5,Anastasia 5★,Flurryfist Anastasia,Hand Over that Glass Slipper!,48,Anastasia 5
anastasia-6,Anastaisa 6★,凍界流創始の拳奥義 アナスタシア,Hand Over that Glass Slipper!,48,Anastaisa 6
anomalocaris-4,Anomalocaris 4★,Anomalocaris,Rise of the Extinct Predator,48,Anomalocaris 4
anomalocaris-5,Anomalocaris 5★,Ancient Fashionista Anomalocaris,Rise of the Extinct Predator,48,Anomalocaris 5
anomalocaris-6,Anomalocaris 6★,魁攻的尖鋭 アノマロカリス,Rise of the Extinct Predator,48,Anomalocaris 6
sugaru-4,Sugaru 4★,Tempest Dragon Sugaru,Bow to Your Superiors,48,Sugaru 4
sugaru-5,Sugaru 5★,Spinner of Vortexes Sugaru,Bow to Your Superiors,48,Sugaru 5
sugaru-6,Sugaru 6★,嵐越の暴老龍 スガル,Bow to Your Superiors,48,Sugaru 6
tesla-4,Tesla 4★,Tesla,Challenge Tower,48,Tesla 4
tesla-5,Tesla 5★,Engineer Extraordinaire Tesla,Challenge Tower,48,Tesla 5
tesla-6,Tesla 6★,Soaring Electro-mage Tesla,Challenge Tower,48,Tesla 6
charlie-4,Charlie 4★,Charlie,Challenge Tower,48,Charlie 4
charlie-5,Charlie 5★,Flighty Inventor Charlie,Challenge Tower,48,Charlie 5
charlie-6,Charlie 6★,Emerging Dreamer Scholar Charlie,Challenge Tower,48,Charlie 6
boyle-4,Boyle 4★,Boyle,Challenge Tower,48,Boyle 4
boyle-5,Boyle 5★,Bullet Hell Boyle,Challenge Tower,48,Boyle 5
boyle-6,Boyle 6★,Blazing Sharpshooter Boyle,Challenge Tower,48,Boyle 6
melissa-3,Melissa 3★,Lurker Melissa,Early Rank Quests,48,Melissa 3
melissa-4,Melissa 4★,Camouflaged Lurker Melissa 2.0,Early Rank Quests,48,Melissa 4
melissa-5,Melissa 5★,Covert Ops Melissa 2.0,Early Rank Quests,48,Melissa 5
melissa-6,Melissa 6★,Clandenstine Melissa,Early Rank Quests,48,Melissa 6
happy-3,Happy 3★,Happy 100,Early Rank Quests,48,Happy 3
happy-4,Happy 4★,Happy 101,Early Rank Quests,48,Happy 4
happy-5,Happy 5★,Happy 102,Early Rank Quests,48,Happy 5
happy-6,Happy 6★,Cybernetic Fortune Happy,Early Rank Quests,48,Happy 6
morris-3,Morris 3★,Amped-Up Morris,Early Rank Quests,48,Morris 3
morris-4,Morris 4★,Disguised Amp G. Morris,Early Rank Quests,48,Morris 4
morris-5,Morris 5★,Invasive G. Morris,Early Rank Quests,48,Morris 5
morris-6,Morris 6★,Counterfeit Morris,Early Rank Quests,48,Morris 6
nimda-3,Nimda 3★,Self-Replicating Nimda,Early Rank Quests,48,Nimda 3
nimda-4,Nimda 4★,Breakneck Cloner Nimda E,Early Rank Quests,48,Nimda 4
nimda-5,Nimda 5★,Propagating Nimda E,Early Rank Quests,48,Nimda 5
nimda-6,Nimda 6★,Ring of Death Nimda,Early Rank Quests,48,Nimda 6
muse-5,Muse 5★,Muse,Beginner Missions,48,Muse 5
muse-6,Muse 6★,Music-loving Goddess Muse,Beginner Missions,48,Muse 6
suzaku-3,Suzaku 3★,Suzaku,Link Hatcher,48,Suzaku 3
suzaku-4,Suzaku 4★,Guardian Deity Suzaku,Link Hatcher,48,Suzaku 4
suzaku-5,Suzaku 5★,Crimson Watcher of South Suzaku,Link Hatcher,48,Suzaku 5
suzaku-6,Suzaku 6★,Red Guardian Suzaku,Link Hatcher,48,Suzaku 6
genbu-3,Genbu 3★,Genbu,Link Hatcher,48,Genbu 3
genbu-4,Genbu 4★,Guardian Deity Genbu,Link Hatcher,48,Genbu 4
genbu-5,Genbu 5★,Emerald Watcher of North Genbu,Link Hatcher,48,Genbu 5
genbu-6,Genbu 6★,Black Guardian Genbu,Link Hatcher,48,Genbu 6
seiryu-3,Seiryu 3★,Seiryu,Link Hatcher,48,Seiryu 3
seiryu-4,Seiryu 4★,Guardian Deity Seiryu,Link Hatcher,48,Seiryu 4
seiryu-5,Seiryu 5★,Azure Watcher of East Seiryu,Link Hatcher,48,Seiryu 5
seiryu-6,Seiryu 6★,Azure Guardian Seiryu,Link Hatcher,48,Seiryu 6
byakko-3,Byakko 3★,Byakko,Link Hatcher,48,Byakko 3
byakko-4,Byakko 4★,Guardian Deity Byakko,Link Hatcher,48,Byakko 4
byakko-5,Byakko 5★,Golden Watcher of West Byakko,Link Hatcher,48,Byakko 5
byakko-6,Byakko 6★,White Guardian Byakko,Link Hatcher,48,Byakko 6
farnese-5,Farnese 5★,Farnese,8 Million Downloads Login,48,Farnese 5
farnese-red,Farnese Rosso,Farnese Rosso,8 Million Downloads Login,48,Farnese Rosso
farnese-green,Farnese Verde,Farnese Verde,8 Million Downloads Login,48,Farnese Verde
farnese-blue,Farnese Azzurro,Farnese Azzurro,8 Million Downloads Login,48,Farnese Azzurro
farnese-yellow,Farnese Giallo,Farnese Giallo,8 Million Downloads Login,48,Farnese Giallo
xmas_date_corin,Christmas Date Corin,Decorated Glimmering Corin,Christmas 2017 Quests,48,Christmas Date Corin
xmas_date_beelzebub,Christmas Date Beelzebub,Beautiful Night Flower Beelzebub,Christmas 2017 Quests,48,Christmas Date Beelzebub
xmas_date_oz,Christmas Date Oz,Winter Sky Bloom Oz,Christmas 2017 Quests,48,Christmas Date Oz
xmas_date_yomi,Christmas Date Yomi,Yearning Demon God Yomi,Christmas 2017 Quests,48,Christmas Date Yomi
xmas_date_jeanne,Christmas Date Jeanne,Holy Night of Love Jeanne,Christmas 2017 Quests,48,Christmas Date Jeanne
xmas_date_wakahirume,Christmas Date Wakahirume,Young Snow of Love Wakahirume,Christmas 2017 Quests,48,Christmas Date Wakahirume
xmas_date_eris,Christmas Date Eris,Dangerous Bomb Girl Eris,Christmas 2017 Quests,48,Christmas Date Eris
xmas_date_kama,Christmas Date Kama,Deity of Love and Flowers Kama,Christmas 2017 Quests,48,Christmas Date Kama
mini_demia-5,Mini Demia 5★,Gift Box,Christmas 2017 Login,99,Mini Demia 5
mini_demia-6,Mini Demia 6★,Gift Box (Mini Demia),Christmas 2017 Login,48,Mini Demia 6
fude_zhengshen-5,Fude Zhengshen 5★,Fude Zhengshen,Special Link Hatcher,48,Fude Zhengshen 5
fude_zhengshen-6,Fude Zhengshen 6★,God of Virtue Fude Zhengshen,Special Link Hatcher,48,Fude Zhengshen 6
fude_zhengshen_2018-5,Fude Zhengshen 2018 5★,TUDI-180526 Fude Zhengshen,TW 2nd Anniversary,48,Fude Zhengshen 2018 5
fude_zhengshen_2018-6,Fude Zhengshen 2018 6★,Earth Guardian Fude Zhengshen,TW 2nd Anniversary,48,Fude Zhengshen 2018 6
shoggoth-5,Shoggoth 5★,Defiant Servant Shoggoth,Chaotic Fragment Exchange,48,Shoggoth 5
shoggoth-6,Shoggoth 6★,Malevolent Shapeshifter Shoggoth,Chaotic Fragment Exchange,48,Shoggoth 6
uleong_gagsi-5,Uleong Gagsi 5★,Uleong Gagsi,Special Link Hatcher,48,Uleong Gagsi 5
uleong_gagsi-6,Uleong Gagsi 6★,Heart-warming Cook Uleong Gagsi,Special Link Hatcher,48,Uleong Gagsi 6
cho_lon-5,Cho Lon 5★,Cho Lon,KR Beginner Missions,48,Cho Lon 5
cho_lon-6,Cho Lon 6★,Illuminated Path of Newbies,KR Beginner Missions,48,Cho Lon 6
liu_zhonglu-5,Liu Zhonglu 5★,Liu Zhonglu,Special Link Hatcher,48,Liu Zhonglu 5
liu_zhonglu-6,Liu Zhonglu 6★,Thousand-Mile Liu Zhonglu,Special Link Hatcher,48,Liu Zhonglu 6
rabbit_yukine_2017-5,Rabbit Yukine 2017 5★,Stardancer Rabbit Yukine,Hatsune Miku 2017 Login,48,Rabbit Yukine 2017 5
rabbit_yukine_2017-6,Rabbit Yukine 2017 6★,Starprancer Rabbit Yukine,Hatsune Miku 2017 Login,48,Rabbit Yukine 2017 6
apple_cat-5,Apple Cat 5★,Apple Cat,Battle Cats 2017 Missions,48,Apple Cat 5
apple_cat-6,Apple Cat 6★,The Face,Battle Cats 2017 Missions,48,Apple Cat 6
kyo_kusanagi_95-5,Kyo Kusanagi '95 5★,KOF '95 Kyo Kusanagi,King of Fighters Ticket Hatcher,48,Kyo Kusanagi '95 5
kyo_kusanagi_95-6,Kyo Kusanagi '95 6★,KOF '95 Old-School Kyo,King of Fighters Ticket Hatcher,48,Kyo Kusanagi '95 6
athena_asamiya-5,Athena Asamiya 5★,Athena Asamiya,King of Fighters Ticket Hatcher,48,Athena Asamiya 5
athena_asamiya-6,Athena Asamiya 6★,Psychic-Powered Idol Athena,King of Fighters Ticket Hatcher,48,Athena Asamiya 6
konosuba_chris-5,KonoSuba Chris 5★,クリス,KonoSuba 2018 Login,48,KonoSuba Chris 5
konosuba_chris-6,KonoSuba Chris 6★,剥奪される盗賊 クリス,KonoSuba 2018 Login,48,KonoSuba Chris 6
momotaro-4,Momotaro 4★,ももたろう,Battle Cats 2018 Login,48,Momotaro 4
momotaro-5,Momotaro 5★,ピーチスター,Battle Cats 2018 Login,48,Momotaro 5
momotaro-6,Momotaro 6★,爆走兄弟ピーチジャスティス,Battle Cats 2018 Login,48,Momotaro 6
snow_miku_2019-5,Snow Miku 2019 5★,Phantom Diva Snow Miku 2019,Hatsune Miku 2019 Login,48,Snow Miku 2019 5
snow_miku_2019-6,Snow Miku 2019 6★,Snowfall Diva Snow Miku 2019,Hatsune Miku 2019 Login,48,Snow Miku 2019 6
mana_takamiya-5,Mana Takamiya 5★,Mana Takamiya,Date A Live Login,48,Mana Takamiya 5
mana_takamiya-6,Mana Takamiya 6★,Adeptus 2 Mana Takamiya,Date A Live Login,48,Mana Takamiya 6
mana_takamiya-ua,Mana Takamiya UA,Mana Takamiya,Date A Live Login,48,Mana Takamiya UA
,,,,,
,,,,,
,,,,,
little_humpty,Little Humpty,Little Humpty,Various,99,Little Humpty
ancile,Ancile,Giant Army Shield Ancile,Ranking Point Exchange,58,Ancile
svalinn,Svalinn,Hot and Cold Shield Svalinn,Ranking Point Exchange,58,Svalinn
ochain,Ochain,Heavy Screaming Shield Ochain,Ranking Point Exchange,58,Ochain
pinaka,Pinaka,奮射する過滅弓 ピナカ,Ranking Point Exchange,58,Pinaka
failnaught,Failnaught,厳眼の老錬弓 フェイルノート,Ranking Point Exchange,58,Failnaught
ame_no_makako,Ame no Makako,紐矢編む慈弓 天之麻迦古弓,Ranking Point Exchange,58,Ame no Makako
balmung,Balmung,Leaping Dagger Balmung,Ranking Point Exchange,58,Balmung
laevateinn,Laevateinn,Demonic Seal Blade Laevateinn,Ranking Point Exchange,58,Laevateinn
excalibur,Excalibur,Chivalrous Kingsblade Excalibur,Ranking Point Exchange,58,Excalibur
red_liddell_note,Red Liddell Note,Red Liddell Note,Various,99,Red Liddell Note
red_liddell_paper,Red Liddell Paper,Red Liddell Paper,Various,99,Red Liddell Paper
red_liddell_piece,Red Liddell Piece,Red Liddell Piece,Various,99,Red Liddell Piece
green_liddell_note,Green Liddell Note,Green Liddell Note,Various,99,Green Liddell Note
green_liddell_paper,Green Liddell Paper,Green Liddell Paper,Various,99,Green Liddell Paper
green_liddell_piece,Green Liddell Piece,Green Liddell Piece,Various,99,Green Liddell Piece
blue_liddell_note,Blue Liddell Note,Blue Liddell Note,Various,99,Blue Liddell Note
blue_liddell_paper,Blue Liddell Paper,Blue Liddell Paper,Various,99,Blue Liddell Paper
blue_liddell_piece,Blue Liddell Piece,Blue Liddell Piece,Various,99,Blue Liddell Piece
yellow_liddell_note,Yellow Liddell Note,Yellow Liddell Note,Various,99,Yellow Liddell Note
yellow_liddell_paper,Yellow Liddell Paper,Yellow Liddell Paper,Various,99,Yellow Liddell Paper
yellow_liddell_piece,Yellow Liddell Piece,Yellow Liddell Piece,Various,99,Yellow Liddell Piece
azure_dragon_horn,Azure Dragon Horn,Azure Dragon Horn,Ocean of Dark Flames,99,Azure Dragon Horn
almagest-1,Almagest 1★,Unicellular Carneige Almagest,Final Protection Almagest,68,Almagest 1
awakening_charm,Awakening Charm,Awakening Charm,Missions,99,Awakening Charm
flaming_dodo,Flaming Dodo,Flaming Dodo,Color Materials Quest,99,Flaming Dodo
thousand_gales_griffon,Thousand Gales Griffon,Thousand Gales Griffon,Color Materials Quest,99,Thousand Gales Griffon
deep_sea_turtle,Deep Sea Turtle,Deep Sea Turtle,Color Materials Quest,99,Deep Sea Turtle
dynamo_dormouse,Dynamo Dormouse,Dynamo Dormouse,Color Materials Quest,99,Dynamo Dormouse
red_cheshire,Red Cheshire,Red Cheshire,Color Materials Quest,99,Red Cheshire
red_rabbit,Red Rabbit,Red Rabbit,Color Materials Quest,99,Red Rabbit
red_caterpillar,Red Caterpillar,Red Caterpillar,Color Materials Quest,99,Red Caterpillar
red_hatter,Red Hatter,Fire Mad Hatter,Color Materials Quest,99,Red Hatter
green_cheshire,Green Cheshire,Green Cheshire,Color Materials Quest,99,Green Cheshire
green_rabbit,Green Rabbit,Green Rabbit,Color Materials Quest,99,Green Rabbit
green_caterpillar,Green Caterpillar,Green Caterpillar,Color Materials Quest,99,Green Caterpillar
green_hatter,Green Hatter,Forest Mad Hatter,Color Materials Quest,99,Green Hatter
blue_cheshire,Blue Cheshire,Blue Cheshire,Color Materials Quest,99,Blue Cheshire
blue_rabbit,Blue Rabbit,Blue Rabbit,Color Materials Quest,99,Blue Rabbit
blue_caterpillar,Blue Caterpillar,Blue Caterpillar,Color Materials Quest,99,Blue Caterpillar
blue_hatter,Blue Hatter,Aqua Mad Hatter,Color Materials Quest,99,Blue Hatter
yellow_cheshire,Yellow Cheshire,Yellow Cheshire,Color Materials Quest,99,Yellow Cheshire
yellow_rabbit,Yellow Rabbit,Yellow Rabbit,Color Materials Quest,99,Yellow Rabbit
yellow_caterpillar,Yellow Caterpillar,Yellow Caterpillar,Color Materials Quest,99,Yellow Caterpillar
yellow_hatter,Yellow Hatter,Thunder Mad Hatter,Color Materials Quest,99,Yellow Hatter
hades,Hades,Lord of the Underworld Hades,Hades Invades!,58,Hades
gilles_de_rais,Gilles de Rais,Revived Graceful Gilles de Rais,Gilles de Rais Invades!,58,Gilles de Rais
cont_jeanne,Continuation Jeanne,Battlefield Gun Saint Jeanne,Jeanne Invades Again!,58,Continuation Jeanne
anubis,Anubis,Black Deity of Burial Anubis,Anubis Invades!,58,Anubis
cont_freyr,Continuation Freyr,厳庫の豊真皇神 フレイ,Freyr Invades Again!,58,Continuation Freyr
jerry-1,Jerry 1★,Jerry,Normal Quests,20,Jerry 1
promise_of_protection,Promise of Protection,Promise of Protection,A Hero's Value,99,Promise of Protection
dm_chang_e,Dark Moon Chang'e,Moonlight Castellan Chang'e,Dark Moon's Scar,58,Dark Moon Chang'e
jin_wu,Jin Wu,Luminous Shine Jin Wu,A Ray of Light,53,Jin Wu
moriarty_lantern,Moriarty's Black Lantern,Moriarty's Black Lantern,Moriarty Invades!,99,Moriarty's Black Lantern
black_rose,Black Rose,Passionate Romance Black Rose,The Wolf of the Stars,99,Black Rose
red_peony,Red Peony,Forever Love Red Peony,Taintless Love,99,Red Peony
ultrastellar_tablet,Tablets of Ultrastellar Stone,Tablets of Ultrastellar Stone,Calamity Omen,99,Tablets of Ultrastellar Stone
chaotic_sample,Chaotic Sample,Chaotic Sample,Chaotic Supremacy,99,Chaotic Sample
tome_of_calamity,Tome of Calamity,Tome of Calamity,Sprout of Scattered Literatures,99,Tome of Calamity
columbus_trunk,Columbus' Trusty Trunk,Columbus' Trusty Trunk,Leif Goes to ALIWOOD,99,Columbus' Trusty Trunk
bonanza_veil,Bonanza Veil,Bonanza Veil,Avaricia Tower F12,99,Bonanza Veil
rose_thruster,Rose Thruster,Rose Thruster,Elfram Tower F12,99,Rose Thruster
sophia_crown,Sophia Crown,Sophia Crown,Chandille Tower F12,99,Sophia Crown
elly_corsage,Elly's Corsage,Elly's Corsage,Lucial Tower F12,99,Elly's Corsage
yinglong,Yinglong,Yinglong,Four Perils Tower F3,99,Yinglong
zhulong,Zhulong,Zhulong,Four Perils Tower F6,99,Zhulong
jing_wei,Jing Wei,Jing Wei,Four Perils Tower F10,99,Jing Wei
infected_yama,Infected Yama,Abyssal Hell Yama,Infinite Hell Collapsing,53,Infected Yama
ig,Ig,Snakeskin Moonwhite Ig,Chaotic Fragment Exchange,48,Ig
ieyasu_will,Ieyasu's Will,Ieyasu's Will,Ieyasu Tokugawa Invades!,99,Ieyasu's Will
persephone_will,Persephone's Will,Persphone's Will,Persephone Invades!,99,Persephone's Will
mini_medjed,Mini Medjed,Mini Medjed,Medjed Invades!,99,Mini Medjed
sandalphon_beytzah,Sandalphon's Beytzah,Sandalphon's Bēytzāh,Sandalphon Invades!,99,Sandalphon's Beytzah
ose_justice,Ose's Justice,Ose's Justice,Time Travel in ALICE -The First-,99,Ose's Justice
forneus_arrogance,Forneus' Arrogance,Forneus' Arrogance,Time Travel in ALICE -The First-,99,Forneus' Arrogance
baphomet_pleasure,Baphomet's Pleasure,Baphomet's Pleasure,Time Travel in ALICE -The First-,99,Baphomet's Pleasure
nurupon_cube,Nurupon Cube,Nurupon Cube,Occupying Babylonia Tower,99,Nurupon Cube
undine,Undine,Undine,The Silky-Skinned Lady,99,Undine
cheecat,Supporter Cheecat,Supporter Cheecat,Overcome Your Limits!,99,Supporter Cheecat
circe,Circe,Scourge of Transfiguration-Circe,The Empress' Experiment,48,Circe
endor,Endor,Deathwhisperer-Endor,The Mage's True Will,38,Endor
shido,My Little Shido,My Little Shido,Date A Live Collab,99,My Little Shido
ornament,Ornament,Ornament,Christmas 2017 Quests,99,Ornament
blue_ice_crystal,Blue Ice Crystal,Blue Ice Crystal,White Whale Battle,99,Blue Ice Crystal
skill_tree,Skill Tree,Skill Tree,Shield Hero Quests,99,Skill Tree
magic_dragon_spirit_core,Magic Dragon Spirit Core,Magic Dragon Spirit Core,Jiaolong Invades!,99,Magic Dragon Spirit Core
sarira,Sarira,Sarira,Fahai Invades!,99,Sarira
kojiro_sasaki,Kojiro Sasaki,Beautiful Stream Kojiro Sasaki,Kojiro Sasaki Invades!,58,Kojiro Sasaki
jp_azathoth-5,JP Azathoth 5★,アザトース,Ruler of All,58,JP Azathoth 5
serket-4,Serket 4★,Serket,Poison God's Plea,38,Serket 4
ashley-3,Ashley 3★,Ashley,Scarlet Enforcer,33,Ashley 3
woolfe-4,Woolfe 4★,Lupine Guzzler Woolfe,All the Better to Eat You With,38,Woolfe 4
phoenix-4,Phoenix 4★,Phoenix,Wings Ablaze,38,Phoenix 4
archelon-4,Archelon 4★,Archelon,The Listless Bookworm,38,Archelon 4
unicorn-3,Unicorn 3★,Unicorn,Solitary Unicorn,33,Unicorn 3
land_dragon-4,Land Dragon 4★,Land Dragon,Red Dragon Sanctions,38,Land Dragon 4
hydra-3,Hydra 3★,Hydra,Cannonball Capers,33,Hydra 3
chiemi-3,Chiemi 3★,Fateful Fryer Chiemi,Love at First Fright,33,Chiemi 3
byggvir_beyla-4,Byggvir & Beyla 4★,Byggvir & Beyla,Fairy Blockade,38,Byggvir & Beyla 4
hook-4,Hook 4★,Hook,Croc Hunter on a Warpath,38,Hook 4
lilian_blue-3,Lilian Blue 3★,Lilian Blue,Creeping Dagger,33,Lilian Blue 3
parvati-4,Parvati 4★,Parvati,It's all for the Master,38,Parvati 4
ananta-4,Ananta 4★,Ananta,Whose Miniature Garden Is This?,38,Ananta 4
lionel-4,Lionel 4★,Lionel,Strength Envy,38,Lionel 4
mr_whale-4,Mr. Whale 4★,Mr. Whale,Call of the Great Whale,38,Mr. Whale 4
orthrus-4,Orthrus 4★,Orthrus,Savage Canine Tamer,38,Orthrus 4
rodan-4,Rodan 4★,Rodan,Silent Pteranodon Attack,38,Rodan 4
versailles-4,Versailles 4★,Versailles,Firelight Beauty,38,Versailles 4
ahemait-4,Ahemait 4★,Ahemait,Soul-Slaying Black Shadow,38,Ahemait 4
humbaba-4,Humbaba 4★,Humbaba,Beasts of the Dark,38,Humbaba 4
merksha-4,Merksha 4★,Merksha,Painter of Love,38,Merksha 4
red_hare-4,Red Hare 4★,Red Hare,Red Hares on horseback!,38,Red Hare 4
vritra-4,Vritra 4★,Vritra,The Little Dragon,38,Vritra 4
motojiro_kajii-4,Motojiro Kajii 4★,Motojiro Kajii,Lemon-Colored Shock,38,Motojiro Kajii 4
lindworm-4,Lindworm 3★,Lindworm,Steel Predator,33,Lindworm 3
auri-4,Auri 4★,Auri,Bewildered Messengers?!,38,Auri 4
three_piggies-4,Three Piggies 4★,Three Piggies,Ironclad Piggy Fort,38,Three Piggies 4
sparta-4,Sparta 4★,Sparta,Endurance and Obedience,38,Sparta 4
mikado-4,Mikado 4★,Mikado,Unhand My Bride,38,Mikado 4
fernyiges-3,Fernyiges 3★,Fernyiges,The Radiant Dragon on High,33,Fernyiges 3
true_wedding_ring,True Wedding Ring,True Wedding Ring,June Bride Login,99,True Wedding Ring
s_f_yukimura_sanada,School Festival Yukimura Sanada,Dazzling Hero Yukimura Sanada,Spontaneous Rock Out!,48,School Festival Yukimura Sanada
s_f_shoki,School Festival Shoki,Mansion Attendant Shoki,Monster Madness,48,School Festival Shoki
s_f_tink,School Festival Tink,Bassist Tink,School Festival Ticket Hatcher,99,School Festival Tink
s_f_happy,School Festival Happy,Cheerleader Happy,School Festival Ticket Hatcher,99,School Festival Happy
kevin_pulse_gun,Kevin's Pulse Gun,Kevin's Pulse Gun,ALICE Panic Ticket Hatcher,99,Kevin's Pulse Gun
the_orient,The Orient,The Orient,Secrets of Kiddy Land,99,The Orient
awesome_arm_part,Awesome Arm Part,ぱーつ : ごうわん,Awesome! Jerry Robot,99,Awesome Arm Part
drill_part,Drill Part,ぱーつ : どりる,Awesome! Jerry Robot,99,Drill Part
joe_buster_part,Joe Buster Part,ぱーつ : じょーばすたー,Awesome! Jerry Robot,99,Joe Buster Part
winter_sports_miku-3,Winter Sports Miku,Winter Sports Miku,Frosty Diva,33,Winter Sports Miku
winter_sports_miku-4,Snow Miku & Yukine,Snow Miku & Rabbit Yukine,Frosty Diva,38,Snow Miku & Yukine
aoba_kuronoma-4,Aoba Kuronoma 4★,黒沼青葉,Stop the Yellow Bandits!,38,Aoba Kuronoma 4
masaomi_kida-4,Masaomi Kida 4★,紀田正臣,Follow Blue Square!,38,Masaomi Kida 4
hello_kitty_ribbon,Hello Kitty's Ribbon,???,Sanrio Quests(?),99,Hello Kitty's Ribbon
mommy_apple_pie,Mommy's Apple Pie,???,Sanrio Quests(?),99,Mommy's Apple Pie
female_titan-4,Female Titan 4★,女型の巨人,Shiganshina War Battle,38,Female Titan 4
armored_titan-4,Armored Titan 4★,鎧の巨人,Shiganshina War Battle,38,Armored Titan 4
cat,Cat,Cat,Cat Army Invasion!,10,Cat
tank_cat,Tank Cat,Tank Cat,Cat Army Invasion!,10,Tank Cat
axe_cat,Axe Cat,Axe Cat,Cat Army Invasion!,20,Axe Cat
gross_cat,Gross Cat,Gross Cat,Cat Army Invasion!,28,Gross Cat
envy-5,Envy 5★,Envy the Jealous,Scar Invades!,38,Envy 5
pride-5,Pride 5★,Pride the Arrogant,Scar Invades!,38,Pride 5
milly-4,Milly 4★,Wind Talons Milly,The Hunter is Hunted,38,Milly 4
farnese_core,Farnese Core,Farnese Core,Hellraiser Invades!,99,Farnese Core
heart-red,Heart Rosso,Heart Rosso,8 Million Downloads Login,99,Heart Rosso
heart-green,Heart Verde,Heart Verde,8 Million Downloads Login,99,Heart Verde
heart-blue,Heart Azzurro,Heart Azzurro,8 Million Downloads Login,99,Heart Azzurro
heart-yellow,Heart Giallo,Heart Giallo,8 Million Downloads Login,99,Heart Giallo
yellow_ducksworth,Yellow Ducksworth,Yellow Ducksworth,Various,99,Yellow Ducksworth
thief_treasure_chest,Thief's Treasure Chest,盗賊の財宝箱,KonoSuba 2018 Login,99,Thief's Treasure Chest
cat_food,Cat Food,Cat Food,Battle Cats 2018 Quests,99,Cat Food
manager_sweet_box,Young Manager's Sweets Box,ひよっこ担当のスイーツBOX,Idol Pati & Praline Locked Quest,99,Young Manager's Sweets Box
manager_handmade_cake,Smiling Manager's Handmade Cake,ニコニコ担当の手作りケーキ,Valentines Sphinx Locked Quest,99,Smiling Manager's Handmade Cake
mgr_mint_choco_mush,Moist Manager's Mint Choco Mushroom,しっとり担当のきのこミントチョコ,Valentines Amontons Locked Quest,99,Moist Manager's Mint Choco Mushroom
manager_macaron,Dark Manager's Japanese Macaron,闇担当の和デコレーションマカロン,Valentines Tsukuyomi Locked Quest,99,Dark Manager's Japanese Macaron
xing_tian_warrior_spirit,Xing Tian's Warrior Spirit,刑天的武魂,Escape the Banquan Palace,99,Xing Tian's Warrior Spirit
tsukuyomi,Tsukuyomi,Moon Goddess Tsukuyomi,Tsukuyomi Invades!,58,Tsukuyomi
evidence_a,Evidence A,証拠A,JP Onsen 2020 Quests,99,Evidence A
evidence_b,Evidence B,証拠B,JP Onsen 2020 Quests,99,Evidence B
evidence_c,Evidence C,証拠C,JP Onsen 2020 Quests,99,Evidence C
jp_cthugha-5,JP Cthugha 5★,クトゥグア,Dark Supernova (Japan),48,JP Cthugha 5
mysterious_merchant_mask,Mysterious Merchant Plague Mask,Mysterious Merchant Plague Mask,"Buongiorno, Signore Maschere!",99,Mysterious Merchant Plague Mask
plague_doctor_mask,Plague Doctor Mask,Plague Doctor Mask,"Buongiorno, Signore Maschere!",99,Plague Doctor Mask
artiglio_scheggatio,Artiglio Scheggatio,Artiglio Scheggatio,"Buongiorno, Signore Maschere!",99,Artiglio Scheggatio
yuzuru-4,Yuzuru 4★,Fearless Sniper Yuzuru,Run the Sniper's Gauntlet,38,Yuzuru 4
gjallarhorn-4,Gjallarhorn 4★,Gjallarhorn,Melody of the Weekend,38,Gjallarhorn 4
sen_no_rikyu-4,Sen no Rikyu 4★,Sen no Rikyu,The Journey Begins!,38,Sen no Rikyu 4
gael-4,Gael 4★,Great Club Gael,The Hammer That Falls,38,Gael 4
misako-3,Misako 3★,Flame Assassin Misako,Ashes to Ashes,33,Misako 3
chika-3,Chika 3★,Poison Assassin Chika,Crimes and Concoctions,33,Chika 3
lisa-3,Lisa 3★,Soul Strangler Lisa,Suffocation Cometh,33,Lisa 3
iria-4,Iria 4★,Fists of Steel Iria,Mediator Among Friends,38,Iria 4
gothel-4,Gothel 4★,Gothel,Quarantine Escape,38,Gothel 4
mjolnir-4,Mjolnir 4★,Mjolnir,Selection by Lightning Round,38,Mjolnir 4
nelson-4,Nelson 4★,Nelson,One-Armed Admiral,38,Nelson 4
siren-4,Siren 4★,Siren,Siren Song,38,Siren 4
shizuka_gozen-4,Shizuka Gozen 4★,Shizuka Gozen,Red-Hot Dancer,38,Shizuka Gozen 4
yuuya-4,Yuuya 4★,"Yuuya, the Earth Spider",Animal Assassin,38,Yuuya 4
kanetsugu_naoe-4,Kanetsugu Naoe 4★,Kanetsugu Naoe,"Heaven, Earth, and Man",38,Kanetsugu Naoe 4
reflect_mirror-4,Reflect & M.I.R.R.O.R. 4★,Reflect & M.I.R.R.O.R.,The Beautiful But Deluded Queen,38,Reflect & M.I.R.R.O.R. 4
cyclops-4,Cyclops 4★,Cyclops,Heartless Executioner,38,Cyclops 4
nue-3,Nue 3★,Nue,Thundercloud Assassin,33,Nue 3
witch_octopus-4,Witch Octopus 4★,Witch Octopus,Ready to Become Human?,38,Witch Octopus 4
haydn_ogre-4,Haydn Ogre 4★,Haydn Ogre,"Kitty, Meet Murderous Mouse",38,Haydn Ogre 4
rahu-3,Rahu 3★,Rahu,Her Majesty's Executioner,33,Rahu 3
pazuzu-4,Pazuzu 4★,Pazuzu,Morphing Wind,38,Pazuzu 4
ezo-4,Ezo 4★,Feisty Fox Ezo,A Hunter's Elegy,38,Ezo 4
yuki-onna-4,Yuki-Onna 4★,Yuki-Onna,Til Hypothermia Do Us Part,38,Yuki-Onna 4
lessa_gigan-4,Lessa & Gigan 4★,Tag Team Lessa & Gigan,Backstreet Brawl,38,Lessa & Gigan 4
megalodon-4,Megalodon 4★,Megalodon,Terror of the Deep,38,Megalodon 4
sugarful-4,Sugarful 4★,Sugarful,Sibling Rivalry,38,Sugarful 4
jupiter,Jupiter,Silent Threat Jupiter,The Creeping Threat,58,Jupiter
shell_recompiler,Shell Recompiler,シェル・リコンパイラ,True Creeping Threat,99,Shell Recompiler
mal,MaL,MaL,Never Summer Trails,99,
dir,DiR,DiR,Never Summer Trails,99,
amo,AMo,AMo,Never Summer Trails,99,
